gene_name	NES_Doro_weight=TRUE_prot=TRUE_phosphoscore_corr_phospho_act	method_1	NES_Doro_weight=TRUE_prot=TRUE_phosphoscore_corr_phospho_all	method_2	NES_Doro_weight=TRUE_prot=TRUE_phosphoscore_no_corr_phospho_act	method_3	NES_Doro_weight=TRUE_prot=TRUE_phosphoscore_no_corr_phospho_all	method_4	NES_Doro_weight=TRUE_prot=FALSE_phosphoscore_corr_phospho_act	method_5	NES_Doro_weight=TRUE_prot=FALSE_phosphoscore_corr_phospho_all	method_6	NES_Doro_weight=TRUE_prot=FALSE_phosphoscore_no_corr_phospho_act	method_7	NES_Doro_weight=TRUE_prot=FALSE_phosphoscore_no_corr_phospho_all	method_8	NES_Doro_weight=FALSE_prot=TRUE_phosphoscore_corr_phospho_act	method_9	NES_Doro_weight=FALSE_prot=TRUE_phosphoscore_corr_phospho_all	method_10	NES_Doro_weight=FALSE_prot=TRUE_phosphoscore_no_corr_phospho_act	method_11	NES_Doro_weight=FALSE_prot=TRUE_phosphoscore_no_corr_phospho_all	method_12	NES_Doro_weight=FALSE_prot=FALSE_phosphoscore_corr_phospho_act	method_13	NES_Doro_weight=FALSE_prot=FALSE_phosphoscore_corr_phospho_all	method_14	NES_Doro_weight=FALSE_prot=FALSE_phosphoscore_no_corr_phospho_act	method_15	NES_Doro_weight=FALSE_prot=FALSE_phosphoscore_no_corr_phospho_all	method_16	NES_DoroSign_weight=TRUE_prot=TRUE_phosphoscore_corr_phospho_act	method_17	NES_DoroSign_weight=TRUE_prot=TRUE_phosphoscore_corr_phospho_all	method_18	NES_DoroSign_weight=TRUE_prot=TRUE_phosphoscore_no_corr_phospho_act	method_19	NES_DoroSign_weight=TRUE_prot=TRUE_phosphoscore_no_corr_phospho_all	method_20	NES_DoroSign_weight=TRUE_prot=FALSE_phosphoscore_corr_phospho_act	method_21	NES_DoroSign_weight=TRUE_prot=FALSE_phosphoscore_corr_phospho_all	method_22	NES_DoroSign_weight=TRUE_prot=FALSE_phosphoscore_no_corr_phospho_act	method_23	NES_DoroSign_weight=TRUE_prot=FALSE_phosphoscore_no_corr_phospho_all	method_24	NES_DoroSign_weight=FALSE_prot=TRUE_phosphoscore_corr_phospho_act	method_25	NES_DoroSign_weight=FALSE_prot=TRUE_phosphoscore_corr_phospho_all	method_26	NES_DoroSign_weight=FALSE_prot=TRUE_phosphoscore_no_corr_phospho_act	method_27	NES_DoroSign_weight=FALSE_prot=TRUE_phosphoscore_no_corr_phospho_all	method_28	NES_DoroSign_weight=FALSE_prot=FALSE_phosphoscore_corr_phospho_act	method_29	NES_DoroSign_weight=FALSE_prot=FALSE_phosphoscore_corr_phospho_all	method_30	NES_DoroSign_weight=FALSE_prot=FALSE_phosphoscore_no_corr_phospho_act	method_31	NES_DoroSign_weight=FALSE_prot=FALSE_phosphoscore_no_corr_phospho_all	method_32	NES_Coll_weight=TRUE_prot=TRUE_phosphoscore_corr_phospho_act	method_33	NES_Coll_weight=TRUE_prot=TRUE_phosphoscore_corr_phospho_all	method_34	NES_Coll_weight=TRUE_prot=TRUE_phosphoscore_no_corr_phospho_act	method_35	NES_Coll_weight=TRUE_prot=TRUE_phosphoscore_no_corr_phospho_all	method_36	NES_Coll_weight=TRUE_prot=FALSE_phosphoscore_corr_phospho_act	method_37	NES_Coll_weight=TRUE_prot=FALSE_phosphoscore_corr_phospho_all	method_38	NES_Coll_weight=TRUE_prot=FALSE_phosphoscore_no_corr_phospho_act	method_39	NES_Coll_weight=TRUE_prot=FALSE_phosphoscore_no_corr_phospho_all	method_40	NES_Coll_weight=FALSE_prot=TRUE_phosphoscore_corr_phospho_act	method_41	NES_Coll_weight=FALSE_prot=TRUE_phosphoscore_corr_phospho_all	method_42	NES_Coll_weight=FALSE_prot=TRUE_phosphoscore_no_corr_phospho_act	method_43	NES_Coll_weight=FALSE_prot=TRUE_phosphoscore_no_corr_phospho_all	method_44	NES_Coll_weight=FALSE_prot=FALSE_phosphoscore_corr_phospho_act	method_45	NES_Coll_weight=FALSE_prot=FALSE_phosphoscore_corr_phospho_all	method_46	NES_Coll_weight=FALSE_prot=FALSE_phosphoscore_no_corr_phospho_act	method_47	NES_Coll_weight=FALSE_prot=FALSE_phosphoscore_no_corr_phospho_all	method_48	NES_CollSign_weight=TRUE_prot=TRUE_phosphoscore_corr_phospho_act	method_49	NES_CollSign_weight=TRUE_prot=TRUE_phosphoscore_corr_phospho_all	method_50	NES_CollSign_weight=TRUE_prot=TRUE_phosphoscore_no_corr_phospho_act	method_51	NES_CollSign_weight=TRUE_prot=TRUE_phosphoscore_no_corr_phospho_all	method_52	NES_CollSign_weight=TRUE_prot=FALSE_phosphoscore_corr_phospho_act	method_53	NES_CollSign_weight=TRUE_prot=FALSE_phosphoscore_corr_phospho_all	method_54	NES_CollSign_weight=TRUE_prot=FALSE_phosphoscore_no_corr_phospho_act	method_55	NES_CollSign_weight=TRUE_prot=FALSE_phosphoscore_no_corr_phospho_all	method_56	NES_CollSign_weight=FALSE_prot=TRUE_phosphoscore_corr_phospho_act	method_57	NES_CollSign_weight=FALSE_prot=TRUE_phosphoscore_corr_phospho_all	method_58	NES_CollSign_weight=FALSE_prot=TRUE_phosphoscore_no_corr_phospho_act	method_59	NES_CollSign_weight=FALSE_prot=TRUE_phosphoscore_no_corr_phospho_all	method_60	NES_CollSign_weight=FALSE_prot=FALSE_phosphoscore_corr_phospho_act	method_61	NES_CollSign_weight=FALSE_prot=FALSE_phosphoscore_corr_phospho_all	method_62	NES_CollSign_weight=FALSE_prot=FALSE_phosphoscore_no_corr_phospho_act	method_63	NES_CollSign_weight=FALSE_prot=FALSE_phosphoscore_no_corr_phospho_all	method_64
ATF2	1.2080255783653513	VIPER	1.2080255783653513	VIPER	1.2080255783653513	VIPER	1.4271580197938407	VIPER+PhosphoScore	1.2080255783653513	VIPER	1.2080255783653513	VIPER	1.2080255783653513	VIPER	1.4271580197938407	VIPER+PhosphoScore	1.9676861404568804	VIPER	1.9676861404568804	VIPER	1.9676861404568804	VIPER	1.8069883008396053	VIPER+PhosphoScore	1.9676861404568804	VIPER	1.9676861404568804	VIPER	1.9676861404568804	VIPER	1.8069883008396053	VIPER+PhosphoScore	4.482678199860874	VIPER	4.482678199860874	VIPER	4.482678199860874	VIPER	3.064484330541602	VIPER+PhosphoScore	4.482678199860874	VIPER	4.482678199860874	VIPER	4.482678199860874	VIPER	3.064484330541602	VIPER+PhosphoScore	2.792764091728284	VIPER	2.792764091728284	VIPER	2.792764091728284	VIPER	2.219527276475307	VIPER+PhosphoScore	2.792764091728284	VIPER	2.792764091728284	VIPER	2.792764091728284	VIPER	2.219527276475307	VIPER+PhosphoScore	1.9756305637257896	VIPER	1.9756305637257896	VIPER	1.9756305637257896	VIPER	1.8109605124740598	VIPER+PhosphoScore	1.9756305637257896	VIPER	1.9756305637257896	VIPER	1.9756305637257896	VIPER	1.8109605124740598	VIPER+PhosphoScore	1.9938430633263649	VIPER	1.9938430633263649	VIPER	1.9938430633263649	VIPER	1.8200667622743474	VIPER+PhosphoScore	1.9938430633263649	VIPER	1.9938430633263649	VIPER	1.9938430633263649	VIPER	1.8200667622743474	VIPER+PhosphoScore	3.3407463277065235	VIPER	3.3407463277065235	VIPER	3.3407463277065235	VIPER	2.493518394464427	VIPER+PhosphoScore	3.3407463277065235	VIPER	3.3407463277065235	VIPER	3.3407463277065235	VIPER	2.493518394464427	VIPER+PhosphoScore	2.356379279408535	VIPER	2.356379279408535	VIPER	2.356379279408535	VIPER	2.0013348703154326	VIPER+PhosphoScore	2.356379279408535	VIPER	2.356379279408535	VIPER	2.356379279408535	VIPER	2.0013348703154326	VIPER+PhosphoScore
ATF4	23.73392377741724	VIPER	23.73392377741724	VIPER	23.73392377741724	VIPER	23.73392377741724	VIPER	23.73392377741724	VIPER	23.73392377741724	VIPER	23.73392377741724	VIPER	23.73392377741724	VIPER	5.933480944354311	VIPER	5.933480944354311	VIPER	5.933480944354311	VIPER	5.933480944354311	VIPER	5.933480944354311	VIPER	5.933480944354311	VIPER	5.933480944354311	VIPER	5.933480944354311	VIPER	6.3114593597898985	VIPER	6.3114593597898985	VIPER	6.3114593597898985	VIPER	6.3114593597898985	VIPER	6.3114593597898985	VIPER	6.3114593597898985	VIPER	6.3114593597898985	VIPER	6.3114593597898985	VIPER	3.1756622939174344	VIPER	3.1756622939174344	VIPER	3.1756622939174344	VIPER	3.1756622939174344	VIPER	3.1756622939174344	VIPER	3.1756622939174344	VIPER	3.1756622939174344	VIPER	3.1756622939174344	VIPER	2.049105179357232	VIPER	2.049105179357232	VIPER	2.049105179357232	VIPER	2.049105179357232	VIPER	2.049105179357232	VIPER	2.049105179357232	VIPER	2.049105179357232	VIPER	2.049105179357232	VIPER	2.0227441161965576	VIPER	2.0227441161965576	VIPER	2.0227441161965576	VIPER	2.0227441161965576	VIPER	2.0227441161965576	VIPER	2.0227441161965576	VIPER	2.0227441161965576	VIPER	2.0227441161965576	VIPER	5.888049197238675	VIPER	5.888049197238675	VIPER	5.888049197238675	VIPER	5.888049197238675	VIPER	5.888049197238675	VIPER	5.888049197238675	VIPER	5.888049197238675	VIPER	5.888049197238675	VIPER	2.924575562726819	VIPER	2.924575562726819	VIPER	2.924575562726819	VIPER	2.924575562726819	VIPER	2.924575562726819	VIPER	2.924575562726819	VIPER	2.924575562726819	VIPER	2.924575562726819	VIPER
ATF6	1.2999410518274008	VIPER	1.2999410518274008	VIPER	1.2999410518274008	VIPER	1.2999410518274008	VIPER	1.2999410518274008	VIPER	1.2999410518274008	VIPER	1.2999410518274008	VIPER	1.2999410518274008	VIPER	2.025427527259478	VIPER	2.025427527259478	VIPER	2.025427527259478	VIPER	2.025427527259478	VIPER	2.025427527259478	VIPER	2.025427527259478	VIPER	2.025427527259478	VIPER	2.025427527259478	VIPER	NA	NA	NA	NA	NA	NA	NA	NA	NA	NA	NA	NA	NA	NA	NA	NA	NA	NA	NA	NA	NA	NA	NA	NA	NA	NA	NA	NA	NA	NA	NA	NA	NA	NA	NA	NA	NA	NA	NA	NA	NA	NA	NA	NA	NA	NA	NA	NA	NA	NA	NA	NA	NA	NA	NA	NA	NA	NA	NA	NA	NA	NA	NA	NA	NA	NA	NA	NA	NA	NA	NA	NA	NA	NA	NA	NA	NA	NA	NA	NA	NA	NA	NA	NA	NA	NA	NA	NA	NA	NA	NA	NA	NA	NA	NA	NA
ESR1	-1.4928556834761282	VIPER	-1.4928556834761282	VIPER	-1.4928556834761282	VIPER	-1.4928556834761282	VIPER	-1.4928556834761282	VIPER	-1.4928556834761282	VIPER	-1.4928556834761282	VIPER	-1.4928556834761282	VIPER	-2.13842066149017	VIPER	-2.13842066149017	VIPER	-2.13842066149017	VIPER	-2.13842066149017	VIPER	-2.13842066149017	VIPER	-2.13842066149017	VIPER	-2.13842066149017	VIPER	-2.13842066149017	VIPER	-3.2362985788761165	VIPER	-3.2362985788761165	VIPER	-3.2362985788761165	VIPER	-3.2362985788761165	VIPER	-3.2362985788761165	VIPER	-3.2362985788761165	VIPER	-3.2362985788761165	VIPER	-3.2362985788761165	VIPER	-2.4666221829049912	VIPER	-2.4666221829049912	VIPER	-2.4666221829049912	VIPER	-2.4666221829049912	VIPER	-2.4666221829049912	VIPER	-2.4666221829049912	VIPER	-2.4666221829049912	VIPER	-2.4666221829049912	VIPER	NA	NA	NA	NA	NA	NA	NA	NA	NA	NA	NA	NA	NA	NA	NA	NA	NA	NA	NA	NA	NA	NA	NA	NA	NA	NA	NA	NA	NA	NA	NA	NA	NA	NA	NA	NA	NA	NA	NA	NA	NA	NA	NA	NA	NA	NA	NA	NA	NA	NA	NA	NA	NA	NA	NA	NA	NA	NA	NA	NA	NA	NA	NA	NA
FOXM1	1.3182489463477007	VIPER	1.3182489463477007	VIPER	1.3182489463477007	VIPER	1.3182489463477007	VIPER	1.3182489463477007	VIPER	1.3182489463477007	VIPER	1.3182489463477007	VIPER	1.3182489463477007	VIPER	2.0366059136938115	VIPER	2.0366059136938115	VIPER	2.0366059136938115	VIPER	2.0366059136938115	VIPER	2.0366059136938115	VIPER	2.0366059136938115	VIPER	2.0366059136938115	VIPER	2.0366059136938115	VIPER	1.970735892477012	VIPER	1.970735892477012	VIPER	1.970735892477012	VIPER	1.970735892477012	VIPER	1.970735892477012	VIPER	1.970735892477012	VIPER	1.970735892477012	VIPER	1.970735892477012	VIPER	2.0340822622662924	VIPER	2.0340822622662924	VIPER	2.0340822622662924	VIPER	2.0340822622662924	VIPER	2.0340822622662924	VIPER	2.0340822622662924	VIPER	2.0340822622662924	VIPER	2.0340822622662924	VIPER	NA	NA	NA	NA	NA	NA	NA	NA	NA	NA	NA	NA	NA	NA	NA	NA	NA	NA	NA	NA	NA	NA	NA	NA	NA	NA	NA	NA	NA	NA	NA	NA	NA	NA	NA	NA	NA	NA	NA	NA	NA	NA	NA	NA	NA	NA	NA	NA	NA	NA	NA	NA	NA	NA	NA	NA	NA	NA	NA	NA	NA	NA	NA	NA
FOXO1	2.8012814830676964	VIPER	2.8012814830676964	VIPER	2.8012814830676964	VIPER	2.8012814830676964	VIPER	2.8012814830676964	VIPER	2.8012814830676964	VIPER	2.8012814830676964	VIPER	2.8012814830676964	VIPER	2.7249370935592045	VIPER	2.7249370935592045	VIPER	2.7249370935592045	VIPER	2.7249370935592045	VIPER	2.7249370935592045	VIPER	2.7249370935592045	VIPER	2.7249370935592045	VIPER	2.7249370935592045	VIPER	6.053838848228895	VIPER	6.053838848228895	VIPER	6.053838848228895	VIPER	6.053838848228895	VIPER	6.053838848228895	VIPER	6.053838848228895	VIPER	6.053838848228895	VIPER	6.053838848228895	VIPER	3.12666577268053	VIPER	3.12666577268053	VIPER	3.12666577268053	VIPER	3.12666577268053	VIPER	3.12666577268053	VIPER	3.12666577268053	VIPER	3.12666577268053	VIPER	3.12666577268053	VIPER	NA	NA	NA	NA	NA	NA	NA	NA	NA	NA	NA	NA	NA	NA	NA	NA	NA	NA	NA	NA	NA	NA	NA	NA	NA	NA	NA	NA	NA	NA	NA	NA	NA	NA	NA	NA	NA	NA	NA	NA	NA	NA	NA	NA	NA	NA	NA	NA	NA	NA	NA	NA	NA	NA	NA	NA	NA	NA	NA	NA	NA	NA	NA	NA
FOXO3	9.267063092440983	VIPER	9.267063092440983	VIPER	9.267063092440983	VIPER	9.267063092440983	VIPER	9.267063092440983	VIPER	9.267063092440983	VIPER	9.267063092440983	VIPER	9.267063092440983	VIPER	4.242966406238921	VIPER	4.242966406238921	VIPER	4.242966406238921	VIPER	4.242966406238921	VIPER	4.242966406238921	VIPER	4.242966406238921	VIPER	4.242966406238921	VIPER	4.242966406238921	VIPER	14.719854505329948	VIPER	14.719854505329948	VIPER	14.719854505329948	VIPER	14.719854505329948	VIPER	14.719854505329948	VIPER	14.719854505329948	VIPER	14.719854505329948	VIPER	14.719854505329948	VIPER	4.33203157679469	VIPER	4.33203157679469	VIPER	4.33203157679469	VIPER	4.33203157679469	VIPER	4.33203157679469	VIPER	4.33203157679469	VIPER	4.33203157679469	VIPER	4.33203157679469	VIPER	NA	NA	NA	NA	NA	NA	NA	NA	NA	NA	NA	NA	NA	NA	NA	NA	NA	NA	NA	NA	NA	NA	NA	NA	NA	NA	NA	NA	NA	NA	NA	NA	2.8715901468321947	VIPER	2.8715901468321947	VIPER	2.8715901468321947	VIPER	2.8715901468321947	VIPER	2.8715901468321947	VIPER	2.8715901468321947	VIPER	2.8715901468321947	VIPER	2.8715901468321947	VIPER	2.222121625704437	VIPER	2.222121625704437	VIPER	2.222121625704437	VIPER	2.222121625704437	VIPER	2.222121625704437	VIPER	2.222121625704437	VIPER	2.222121625704437	VIPER	2.222121625704437	VIPER
HIF1A	-1.6361217851441283	VIPER	-1.6361217851441283	VIPER	-1.6361217851441283	VIPER	-1.6361217851441283	VIPER	-1.6361217851441283	VIPER	-1.6361217851441283	VIPER	-1.6361217851441283	VIPER	-1.6361217851441283	VIPER	-2.2162466157872434	VIPER	-2.2162466157872434	VIPER	-2.2162466157872434	VIPER	-2.2162466157872434	VIPER	-2.2162466157872434	VIPER	-2.2162466157872434	VIPER	-2.2162466157872434	VIPER	-2.2162466157872434	VIPER	-2.416579615914204	VIPER	-2.416579615914204	VIPER	-2.416579615914204	VIPER	-2.416579615914204	VIPER	-2.416579615914204	VIPER	-2.416579615914204	VIPER	-2.416579615914204	VIPER	-2.416579615914204	VIPER	-2.203143392140887	VIPER	-2.203143392140887	VIPER	-2.203143392140887	VIPER	-2.203143392140887	VIPER	-2.203143392140887	VIPER	-2.203143392140887	VIPER	-2.203143392140887	VIPER	-2.203143392140887	VIPER	-7.481912392693226	VIPER	-7.481912392693226	VIPER	-7.481912392693226	VIPER	-7.481912392693226	VIPER	-7.481912392693226	VIPER	-7.481912392693226	VIPER	-7.481912392693226	VIPER	-7.481912392693226	VIPER	-3.3167922466894906	VIPER	-3.3167922466894906	VIPER	-3.3167922466894906	VIPER	-3.3167922466894906	VIPER	-3.3167922466894906	VIPER	-3.3167922466894906	VIPER	-3.3167922466894906	VIPER	-3.3167922466894906	VIPER	-8.255294761119517	VIPER	-8.255294761119517	VIPER	-8.255294761119517	VIPER	-8.255294761119517	VIPER	-8.255294761119517	VIPER	-8.255294761119517	VIPER	-8.255294761119517	VIPER	-8.255294761119517	VIPER	-3.318125805519259	VIPER	-3.318125805519259	VIPER	-3.318125805519259	VIPER	-3.318125805519259	VIPER	-3.318125805519259	VIPER	-3.318125805519259	VIPER	-3.318125805519259	VIPER	-3.318125805519259	VIPER
MYCN	-4.661449046530065	VIPER	-4.661449046530065	VIPER	-4.661449046530065	VIPER	-4.661449046530065	VIPER	-4.661449046530065	VIPER	-4.661449046530065	VIPER	-4.661449046530065	VIPER	-4.661449046530065	VIPER	-3.2987349073090355	VIPER	-3.2987349073090355	VIPER	-3.2987349073090355	VIPER	-3.2987349073090355	VIPER	-3.2987349073090355	VIPER	-3.2987349073090355	VIPER	-3.2987349073090355	VIPER	-3.2987349073090355	VIPER	-6.482375100030978	VIPER	-6.482375100030978	VIPER	-6.482375100030978	VIPER	-6.482375100030978	VIPER	-6.482375100030978	VIPER	-6.482375100030978	VIPER	-6.482375100030978	VIPER	-6.482375100030978	VIPER	-3.2074345700273033	VIPER	-3.2074345700273033	VIPER	-3.2074345700273033	VIPER	-3.2074345700273033	VIPER	-3.2074345700273033	VIPER	-3.2074345700273033	VIPER	-3.2074345700273033	VIPER	-3.2074345700273033	VIPER	NA	NA	NA	NA	NA	NA	NA	NA	NA	NA	NA	NA	NA	NA	NA	NA	NA	NA	NA	NA	NA	NA	NA	NA	NA	NA	NA	NA	NA	NA	NA	NA	NA	NA	NA	NA	NA	NA	NA	NA	NA	NA	NA	NA	NA	NA	NA	NA	NA	NA	NA	NA	NA	NA	NA	NA	NA	NA	NA	NA	NA	NA	NA	NA
SREBF1	4.813049643729093	VIPER	4.813049643729093	VIPER	4.813049643729093	VIPER	4.813049643729093	VIPER	4.813049643729093	VIPER	4.813049643729093	VIPER	4.813049643729093	VIPER	4.813049643729093	VIPER	3.3381333727412277	VIPER	3.3381333727412277	VIPER	3.3381333727412277	VIPER	3.3381333727412277	VIPER	3.3381333727412277	VIPER	3.3381333727412277	VIPER	3.3381333727412277	VIPER	3.3381333727412277	VIPER	6.013407060447516	VIPER	6.013407060447516	VIPER	6.013407060447516	VIPER	6.013407060447516	VIPER	6.013407060447516	VIPER	6.013407060447516	VIPER	6.013407060447516	VIPER	6.013407060447516	VIPER	3.1188502077919624	VIPER	3.1188502077919624	VIPER	3.1188502077919624	VIPER	3.1188502077919624	VIPER	3.1188502077919624	VIPER	3.1188502077919624	VIPER	3.1188502077919624	VIPER	3.1188502077919624	VIPER	NA	NA	NA	NA	NA	NA	NA	NA	NA	NA	NA	NA	NA	NA	NA	NA	NA	NA	NA	NA	NA	NA	NA	NA	NA	NA	NA	NA	NA	NA	NA	NA	2.313190330015049	VIPER	2.313190330015049	VIPER	2.313190330015049	VIPER	2.313190330015049	VIPER	2.313190330015049	VIPER	2.313190330015049	VIPER	2.313190330015049	VIPER	2.313190330015049	VIPER	2.0418910956294147	VIPER	2.0418910956294147	VIPER	2.0418910956294147	VIPER	2.0418910956294147	VIPER	2.0418910956294147	VIPER	2.0418910956294147	VIPER	2.0418910956294147	VIPER	2.0418910956294147	VIPER
SREBF2	3.731345281762864	VIPER	3.731345281762864	VIPER	3.731345281762864	VIPER	3.731345281762864	VIPER	3.731345281762864	VIPER	3.731345281762864	VIPER	3.731345281762864	VIPER	3.731345281762864	VIPER	3.03599808526711	VIPER	3.03599808526711	VIPER	3.03599808526711	VIPER	3.03599808526711	VIPER	3.03599808526711	VIPER	3.03599808526711	VIPER	3.03599808526711	VIPER	3.03599808526711	VIPER	3.5830351581132063	VIPER	3.5830351581132063	VIPER	3.5830351581132063	VIPER	3.5830351581132063	VIPER	3.5830351581132063	VIPER	3.5830351581132063	VIPER	3.5830351581132063	VIPER	3.5830351581132063	VIPER	2.56471235319021	VIPER	2.56471235319021	VIPER	2.56471235319021	VIPER	2.56471235319021	VIPER	2.56471235319021	VIPER	2.56471235319021	VIPER	2.56471235319021	VIPER	2.56471235319021	VIPER	NA	NA	NA	NA	NA	NA	NA	NA	NA	NA	NA	NA	NA	NA	NA	NA	NA	NA	NA	NA	NA	NA	NA	NA	NA	NA	NA	NA	NA	NA	NA	NA	NA	NA	NA	NA	NA	NA	NA	NA	NA	NA	NA	NA	NA	NA	NA	NA	NA	NA	NA	NA	NA	NA	NA	NA	NA	NA	NA	NA	NA	NA	NA	NA
STAT3	2.4163672490582644	VIPER	2.4163672490582644	VIPER	2.4163672490582644	VIPER	2.4163672490582644	VIPER	2.4163672490582644	VIPER	2.4163672490582644	VIPER	2.4163672490582644	VIPER	2.4163672490582644	VIPER	2.5758201451607605	VIPER	2.5758201451607605	VIPER	2.5758201451607605	VIPER	2.5758201451607605	VIPER	2.5758201451607605	VIPER	2.5758201451607605	VIPER	2.5758201451607605	VIPER	2.5758201451607605	VIPER	4.106978067759617	VIPER	4.106978067759617	VIPER	4.106978067759617	VIPER	4.106978067759617	VIPER	4.106978067759617	VIPER	4.106978067759617	VIPER	4.106978067759617	VIPER	4.106978067759617	VIPER	2.7016122148636668	VIPER	2.7016122148636668	VIPER	2.7016122148636668	VIPER	2.7016122148636668	VIPER	2.7016122148636668	VIPER	2.7016122148636668	VIPER	2.7016122148636668	VIPER	2.7016122148636668	VIPER	NA	NA	NA	NA	NA	NA	NA	NA	NA	NA	NA	NA	NA	NA	NA	NA	NA	NA	NA	NA	NA	NA	NA	NA	NA	NA	NA	NA	NA	NA	NA	NA	NA	NA	NA	NA	NA	NA	NA	NA	NA	NA	NA	NA	NA	NA	NA	NA	NA	NA	NA	NA	NA	NA	NA	NA	NA	NA	NA	NA	NA	NA	NA	NA
TWIST1	2.9067428716437393	VIPER	2.9067428716437393	VIPER	2.9067428716437393	VIPER	2.9067428716437393	VIPER	2.9067428716437393	VIPER	2.9067428716437393	VIPER	2.9067428716437393	VIPER	2.9067428716437393	VIPER	2.763386060842046	VIPER	2.763386060842046	VIPER	2.763386060842046	VIPER	2.763386060842046	VIPER	2.763386060842046	VIPER	2.763386060842046	VIPER	2.763386060842046	VIPER	2.763386060842046	VIPER	NA	NA	NA	NA	NA	NA	NA	NA	NA	NA	NA	NA	NA	NA	NA	NA	NA	NA	NA	NA	NA	NA	NA	NA	NA	NA	NA	NA	NA	NA	NA	NA	NA	NA	NA	NA	NA	NA	NA	NA	NA	NA	NA	NA	NA	NA	NA	NA	NA	NA	NA	NA	NA	NA	NA	NA	NA	NA	NA	NA	NA	NA	NA	NA	NA	NA	NA	NA	NA	NA	NA	NA	NA	NA	NA	NA	NA	NA	NA	NA	NA	NA	NA	NA	NA	NA	NA	NA	NA	NA	NA	NA	NA	NA	NA	NA
ETV3	-2.13661575317383	PhosphoScore	NA	NA	-2.13661575317383	PhosphoScore	NA	NA	-2.13661575317383	PhosphoScore	NA	NA	-2.13661575317383	PhosphoScore	NA	NA	-2.13661575317383	PhosphoScore	NA	NA	-2.13661575317383	PhosphoScore	NA	NA	-2.13661575317383	PhosphoScore	NA	NA	-2.13661575317383	PhosphoScore	NA	NA	-2.13661575317383	PhosphoScore	NA	NA	-2.13661575317383	PhosphoScore	NA	NA	-2.13661575317383	PhosphoScore	NA	NA	-2.13661575317383	PhosphoScore	NA	NA	-2.13661575317383	PhosphoScore	NA	NA	-2.13661575317383	PhosphoScore	NA	NA	-2.13661575317383	PhosphoScore	NA	NA	-2.13661575317383	PhosphoScore	NA	NA	-2.13661575317383	PhosphoScore	NA	NA	-2.13661575317383	PhosphoScore	NA	NA	-2.13661575317383	PhosphoScore	NA	NA	-2.13661575317383	PhosphoScore	NA	NA	-2.13661575317383	PhosphoScore	NA	NA	-2.13661575317383	PhosphoScore	NA	NA	-2.13661575317383	PhosphoScore	NA	NA	-2.13661575317383	PhosphoScore	NA	NA	-2.13661575317383	PhosphoScore	NA	NA	-2.13661575317383	PhosphoScore	NA	NA	-2.13661575317383	PhosphoScore	NA	NA	-2.13661575317383	PhosphoScore	NA	NA	-2.13661575317383	PhosphoScore	NA	NA	-2.13661575317383	PhosphoScore	NA	NA	-2.13661575317383	PhosphoScore	NA	NA	-2.13661575317383	PhosphoScore	NA	NA
HSF1	-4.385532061258955	PhosphoScore	-4.385532061258955	PhosphoScore	-3.229676988389759	PhosphoScore	-3.229676988389759	PhosphoScore	-4.385532061258955	PhosphoScore	-4.385532061258955	PhosphoScore	-3.229676988389759	PhosphoScore	-3.229676988389759	PhosphoScore	-4.385532061258955	PhosphoScore	-4.385532061258955	PhosphoScore	-3.229676988389759	PhosphoScore	-3.229676988389759	PhosphoScore	-4.385532061258955	PhosphoScore	-4.385532061258955	PhosphoScore	-3.229676988389759	PhosphoScore	-3.229676988389759	PhosphoScore	-4.385532061258955	PhosphoScore	-4.385532061258955	PhosphoScore	-3.229676988389759	PhosphoScore	-3.229676988389759	PhosphoScore	-4.385532061258955	PhosphoScore	-4.385532061258955	PhosphoScore	-3.229676988389759	PhosphoScore	-3.229676988389759	PhosphoScore	-4.385532061258955	PhosphoScore	-4.385532061258955	PhosphoScore	-3.229676988389759	PhosphoScore	-3.229676988389759	PhosphoScore	-4.385532061258955	PhosphoScore	-4.385532061258955	PhosphoScore	-3.229676988389759	PhosphoScore	-3.229676988389759	PhosphoScore	-4.385532061258955	PhosphoScore	-4.385532061258955	PhosphoScore	-3.229676988389759	PhosphoScore	-3.229676988389759	PhosphoScore	-4.385532061258955	PhosphoScore	-4.385532061258955	PhosphoScore	-3.229676988389759	PhosphoScore	-3.229676988389759	PhosphoScore	-4.385532061258955	PhosphoScore	-4.385532061258955	PhosphoScore	-3.229676988389759	PhosphoScore	-3.229676988389759	PhosphoScore	-4.385532061258955	PhosphoScore	-4.385532061258955	PhosphoScore	-3.229676988389759	PhosphoScore	-3.229676988389759	PhosphoScore	-4.385532061258955	PhosphoScore	-4.385532061258955	PhosphoScore	-3.229676988389759	PhosphoScore	-3.229676988389759	PhosphoScore	-4.385532061258955	PhosphoScore	-4.385532061258955	PhosphoScore	-3.229676988389759	PhosphoScore	-3.229676988389759	PhosphoScore	-4.385532061258955	PhosphoScore	-4.385532061258955	PhosphoScore	-3.229676988389759	PhosphoScore	-3.229676988389759	PhosphoScore	-4.385532061258955	PhosphoScore	-4.385532061258955	PhosphoScore	-3.229676988389759	PhosphoScore	-3.229676988389759	PhosphoScore
JDP2	1.14825057983398	PhosphoScore	NA	NA	1.14825057983398	PhosphoScore	NA	NA	1.14825057983398	PhosphoScore	NA	NA	1.14825057983398	PhosphoScore	NA	NA	1.14825057983398	PhosphoScore	NA	NA	1.14825057983398	PhosphoScore	NA	NA	1.14825057983398	PhosphoScore	NA	NA	1.14825057983398	PhosphoScore	NA	NA	1.14825057983398	PhosphoScore	NA	NA	1.14825057983398	PhosphoScore	NA	NA	1.14825057983398	PhosphoScore	NA	NA	1.14825057983398	PhosphoScore	NA	NA	1.14825057983398	PhosphoScore	NA	NA	1.14825057983398	PhosphoScore	NA	NA	1.14825057983398	PhosphoScore	NA	NA	1.14825057983398	PhosphoScore	NA	NA	1.14825057983398	PhosphoScore	NA	NA	1.14825057983398	PhosphoScore	NA	NA	1.14825057983398	PhosphoScore	NA	NA	1.14825057983398	PhosphoScore	NA	NA	1.14825057983398	PhosphoScore	NA	NA	1.14825057983398	PhosphoScore	NA	NA	1.14825057983398	PhosphoScore	NA	NA	1.14825057983398	PhosphoScore	NA	NA	1.14825057983398	PhosphoScore	NA	NA	1.14825057983398	PhosphoScore	NA	NA	1.14825057983398	PhosphoScore	NA	NA	1.14825057983398	PhosphoScore	NA	NA	1.14825057983398	PhosphoScore	NA	NA	1.14825057983398	PhosphoScore	NA	NA	1.14825057983398	PhosphoScore	NA	NA	1.14825057983398	PhosphoScore	NA	NA
MNX1	-0.785426457722984	PhosphoScore	NA	NA	-0.785426457722984	PhosphoScore	NA	NA	-0.785426457722984	PhosphoScore	NA	NA	-0.785426457722984	PhosphoScore	NA	NA	-0.785426457722984	PhosphoScore	NA	NA	-0.785426457722984	PhosphoScore	NA	NA	-0.785426457722984	PhosphoScore	NA	NA	-0.785426457722984	PhosphoScore	NA	NA	-0.785426457722984	PhosphoScore	NA	NA	-0.785426457722984	PhosphoScore	NA	NA	-0.785426457722984	PhosphoScore	NA	NA	-0.785426457722984	PhosphoScore	NA	NA	-0.785426457722984	PhosphoScore	NA	NA	-0.785426457722984	PhosphoScore	NA	NA	-0.785426457722984	PhosphoScore	NA	NA	-0.785426457722984	PhosphoScore	NA	NA	-0.785426457722984	PhosphoScore	NA	NA	-0.785426457722984	PhosphoScore	NA	NA	-0.785426457722984	PhosphoScore	NA	NA	-0.785426457722984	PhosphoScore	NA	NA	-0.785426457722984	PhosphoScore	NA	NA	-0.785426457722984	PhosphoScore	NA	NA	-0.785426457722984	PhosphoScore	NA	NA	-0.785426457722984	PhosphoScore	NA	NA	-0.785426457722984	PhosphoScore	NA	NA	-0.785426457722984	PhosphoScore	NA	NA	-0.785426457722984	PhosphoScore	NA	NA	-0.785426457722984	PhosphoScore	NA	NA	-0.785426457722984	PhosphoScore	NA	NA	-0.785426457722984	PhosphoScore	NA	NA	-0.785426457722984	PhosphoScore	NA	NA	-0.785426457722984	PhosphoScore	NA	NA
MRTFA	-0.994447072347004	PhosphoScore	NA	NA	-0.994447072347004	PhosphoScore	NA	NA	-0.994447072347004	PhosphoScore	NA	NA	-0.994447072347004	PhosphoScore	NA	NA	-0.994447072347004	PhosphoScore	NA	NA	-0.994447072347004	PhosphoScore	NA	NA	-0.994447072347004	PhosphoScore	NA	NA	-0.994447072347004	PhosphoScore	NA	NA	-0.994447072347004	PhosphoScore	NA	NA	-0.994447072347004	PhosphoScore	NA	NA	-0.994447072347004	PhosphoScore	NA	NA	-0.994447072347004	PhosphoScore	NA	NA	-0.994447072347004	PhosphoScore	NA	NA	-0.994447072347004	PhosphoScore	NA	NA	-0.994447072347004	PhosphoScore	NA	NA	-0.994447072347004	PhosphoScore	NA	NA	-0.994447072347004	PhosphoScore	NA	NA	-0.994447072347004	PhosphoScore	NA	NA	-0.994447072347004	PhosphoScore	NA	NA	-0.994447072347004	PhosphoScore	NA	NA	-0.994447072347004	PhosphoScore	NA	NA	-0.994447072347004	PhosphoScore	NA	NA	-0.994447072347004	PhosphoScore	NA	NA	-0.994447072347004	PhosphoScore	NA	NA	-0.994447072347004	PhosphoScore	NA	NA	-0.994447072347004	PhosphoScore	NA	NA	-0.994447072347004	PhosphoScore	NA	NA	-0.994447072347004	PhosphoScore	NA	NA	-0.994447072347004	PhosphoScore	NA	NA	-0.994447072347004	PhosphoScore	NA	NA	-0.994447072347004	PhosphoScore	NA	NA	-0.994447072347004	PhosphoScore	NA	NA
SUFU	-3.13606484731039	PhosphoScore	NA	NA	-3.13606484731039	PhosphoScore	NA	NA	-3.13606484731039	PhosphoScore	NA	NA	-3.13606484731039	PhosphoScore	NA	NA	-3.13606484731039	PhosphoScore	NA	NA	-3.13606484731039	PhosphoScore	NA	NA	-3.13606484731039	PhosphoScore	NA	NA	-3.13606484731039	PhosphoScore	NA	NA	-3.13606484731039	PhosphoScore	NA	NA	-3.13606484731039	PhosphoScore	NA	NA	-3.13606484731039	PhosphoScore	NA	NA	-3.13606484731039	PhosphoScore	NA	NA	-3.13606484731039	PhosphoScore	NA	NA	-3.13606484731039	PhosphoScore	NA	NA	-3.13606484731039	PhosphoScore	NA	NA	-3.13606484731039	PhosphoScore	NA	NA	-3.13606484731039	PhosphoScore	NA	NA	-3.13606484731039	PhosphoScore	NA	NA	-3.13606484731039	PhosphoScore	NA	NA	-3.13606484731039	PhosphoScore	NA	NA	-3.13606484731039	PhosphoScore	NA	NA	-3.13606484731039	PhosphoScore	NA	NA	-3.13606484731039	PhosphoScore	NA	NA	-3.13606484731039	PhosphoScore	NA	NA	-3.13606484731039	PhosphoScore	NA	NA	-3.13606484731039	PhosphoScore	NA	NA	-3.13606484731039	PhosphoScore	NA	NA	-3.13606484731039	PhosphoScore	NA	NA	-3.13606484731039	PhosphoScore	NA	NA	-3.13606484731039	PhosphoScore	NA	NA	-3.13606484731039	PhosphoScore	NA	NA	-3.13606484731039	PhosphoScore	NA	NA
YAP1	-2.75146675109863	PhosphoScore	-2.75146675109863	PhosphoScore	-2.75146675109863	PhosphoScore	-2.75146675109863	PhosphoScore	-2.75146675109863	PhosphoScore	-2.75146675109863	PhosphoScore	-2.75146675109863	PhosphoScore	-2.75146675109863	PhosphoScore	-2.75146675109863	PhosphoScore	-2.75146675109863	PhosphoScore	-2.75146675109863	PhosphoScore	-2.75146675109863	PhosphoScore	-2.75146675109863	PhosphoScore	-2.75146675109863	PhosphoScore	-2.75146675109863	PhosphoScore	-2.75146675109863	PhosphoScore	-2.75146675109863	PhosphoScore	-2.75146675109863	PhosphoScore	-2.75146675109863	PhosphoScore	-2.75146675109863	PhosphoScore	-2.75146675109863	PhosphoScore	-2.75146675109863	PhosphoScore	-2.75146675109863	PhosphoScore	-2.75146675109863	PhosphoScore	-2.75146675109863	PhosphoScore	-2.75146675109863	PhosphoScore	-2.75146675109863	PhosphoScore	-2.75146675109863	PhosphoScore	-2.75146675109863	PhosphoScore	-2.75146675109863	PhosphoScore	-2.75146675109863	PhosphoScore	-2.75146675109863	PhosphoScore	-2.75146675109863	PhosphoScore	-2.75146675109863	PhosphoScore	-2.75146675109863	PhosphoScore	-2.75146675109863	PhosphoScore	-2.75146675109863	PhosphoScore	-2.75146675109863	PhosphoScore	-2.75146675109863	PhosphoScore	-2.75146675109863	PhosphoScore	-2.75146675109863	PhosphoScore	-2.75146675109863	PhosphoScore	-2.75146675109863	PhosphoScore	-2.75146675109863	PhosphoScore	-2.75146675109863	PhosphoScore	-2.75146675109863	PhosphoScore	-2.75146675109863	PhosphoScore	-2.75146675109863	PhosphoScore	-2.75146675109863	PhosphoScore	-2.75146675109863	PhosphoScore	-2.75146675109863	PhosphoScore	-2.75146675109863	PhosphoScore	-2.75146675109863	PhosphoScore	-2.75146675109863	PhosphoScore	-2.75146675109863	PhosphoScore	-2.75146675109863	PhosphoScore	-2.75146675109863	PhosphoScore	-2.75146675109863	PhosphoScore	-2.75146675109863	PhosphoScore	-2.75146675109863	PhosphoScore	-2.75146675109863	PhosphoScore	-2.75146675109863	PhosphoScore	-2.75146675109863	PhosphoScore	-2.75146675109863	PhosphoScore
BCL10	NA	NA	NA	NA	6.0370356241862	PhosphoScore	6.0370356241862	PhosphoScore	NA	NA	NA	NA	6.0370356241862	PhosphoScore	6.0370356241862	PhosphoScore	NA	NA	NA	NA	6.0370356241862	PhosphoScore	6.0370356241862	PhosphoScore	NA	NA	NA	NA	6.0370356241862	PhosphoScore	6.0370356241862	PhosphoScore	NA	NA	NA	NA	6.0370356241862	PhosphoScore	6.0370356241862	PhosphoScore	NA	NA	NA	NA	6.0370356241862	PhosphoScore	6.0370356241862	PhosphoScore	NA	NA	NA	NA	6.0370356241862	PhosphoScore	6.0370356241862	PhosphoScore	NA	NA	NA	NA	6.0370356241862	PhosphoScore	6.0370356241862	PhosphoScore	NA	NA	NA	NA	6.0370356241862	PhosphoScore	6.0370356241862	PhosphoScore	NA	NA	NA	NA	6.0370356241862	PhosphoScore	6.0370356241862	PhosphoScore	NA	NA	NA	NA	6.0370356241862	PhosphoScore	6.0370356241862	PhosphoScore	NA	NA	NA	NA	6.0370356241862	PhosphoScore	6.0370356241862	PhosphoScore	NA	NA	NA	NA	6.0370356241862	PhosphoScore	6.0370356241862	PhosphoScore	NA	NA	NA	NA	6.0370356241862	PhosphoScore	6.0370356241862	PhosphoScore	NA	NA	NA	NA	6.0370356241862	PhosphoScore	6.0370356241862	PhosphoScore	NA	NA	NA	NA	6.0370356241862	PhosphoScore	6.0370356241862	PhosphoScore
CIC	NA	NA	NA	NA	-1.11285654703776	PhosphoScore	NA	NA	NA	NA	NA	NA	-1.11285654703776	PhosphoScore	NA	NA	NA	NA	NA	NA	-1.11285654703776	PhosphoScore	NA	NA	NA	NA	NA	NA	-1.11285654703776	PhosphoScore	NA	NA	NA	NA	NA	NA	-1.11285654703776	PhosphoScore	NA	NA	NA	NA	NA	NA	-1.11285654703776	PhosphoScore	NA	NA	NA	NA	NA	NA	-1.11285654703776	PhosphoScore	NA	NA	NA	NA	NA	NA	-1.11285654703776	PhosphoScore	NA	NA	NA	NA	NA	NA	-1.11285654703776	PhosphoScore	NA	NA	NA	NA	NA	NA	-1.11285654703776	PhosphoScore	NA	NA	NA	NA	NA	NA	-1.11285654703776	PhosphoScore	NA	NA	NA	NA	NA	NA	-1.11285654703776	PhosphoScore	NA	NA	NA	NA	NA	NA	-1.11285654703776	PhosphoScore	NA	NA	NA	NA	NA	NA	-1.11285654703776	PhosphoScore	NA	NA	NA	NA	NA	NA	-1.11285654703776	PhosphoScore	NA	NA	NA	NA	NA	NA	-1.11285654703776	PhosphoScore	NA	NA
CTNNB1	NA	NA	NA	NA	1.0601495107015	PhosphoScore	NA	NA	NA	NA	NA	NA	1.0601495107015	PhosphoScore	NA	NA	NA	NA	NA	NA	1.0601495107015	PhosphoScore	NA	NA	NA	NA	NA	NA	1.0601495107015	PhosphoScore	NA	NA	NA	NA	NA	NA	1.0601495107015	PhosphoScore	NA	NA	NA	NA	NA	NA	1.0601495107015	PhosphoScore	NA	NA	NA	NA	NA	NA	1.0601495107015	PhosphoScore	NA	NA	NA	NA	NA	NA	1.0601495107015	PhosphoScore	NA	NA	NA	NA	NA	NA	1.0601495107015	PhosphoScore	NA	NA	NA	NA	NA	NA	1.0601495107015	PhosphoScore	NA	NA	NA	NA	NA	NA	1.0601495107015	PhosphoScore	NA	NA	NA	NA	NA	NA	1.0601495107015	PhosphoScore	NA	NA	NA	NA	NA	NA	1.0601495107015	PhosphoScore	NA	NA	NA	NA	NA	NA	1.0601495107015	PhosphoScore	NA	NA	NA	NA	NA	NA	1.0601495107015	PhosphoScore	NA	NA	NA	NA	NA	NA	1.0601495107015	PhosphoScore	NA	NA
EP300	NA	NA	NA	NA	-0.940320332845051	PhosphoScore	NA	NA	NA	NA	NA	NA	-0.940320332845051	PhosphoScore	NA	NA	NA	NA	NA	NA	-0.940320332845051	PhosphoScore	NA	NA	NA	NA	NA	NA	-0.940320332845051	PhosphoScore	NA	NA	NA	NA	NA	NA	-0.940320332845051	PhosphoScore	NA	NA	NA	NA	NA	NA	-0.940320332845051	PhosphoScore	NA	NA	NA	NA	NA	NA	-0.940320332845051	PhosphoScore	NA	NA	NA	NA	NA	NA	-0.940320332845051	PhosphoScore	NA	NA	NA	NA	NA	NA	-0.940320332845051	PhosphoScore	NA	NA	NA	NA	NA	NA	-0.940320332845051	PhosphoScore	NA	NA	NA	NA	NA	NA	-0.940320332845051	PhosphoScore	NA	NA	NA	NA	NA	NA	-0.940320332845051	PhosphoScore	NA	NA	NA	NA	NA	NA	-0.940320332845051	PhosphoScore	NA	NA	NA	NA	NA	NA	-0.940320332845051	PhosphoScore	NA	NA	NA	NA	NA	NA	-0.940320332845051	PhosphoScore	NA	NA	NA	NA	NA	NA	-0.940320332845051	PhosphoScore	NA	NA
HBP1	NA	NA	NA	NA	1.02759615580241	PhosphoScore	NA	NA	NA	NA	NA	NA	1.02759615580241	PhosphoScore	NA	NA	NA	NA	NA	NA	1.02759615580241	PhosphoScore	NA	NA	NA	NA	NA	NA	1.02759615580241	PhosphoScore	NA	NA	NA	NA	NA	NA	1.02759615580241	PhosphoScore	NA	NA	NA	NA	NA	NA	1.02759615580241	PhosphoScore	NA	NA	NA	NA	NA	NA	1.02759615580241	PhosphoScore	NA	NA	NA	NA	NA	NA	1.02759615580241	PhosphoScore	NA	NA	0.7676612620410527	VIPER	0.7676612620410527	VIPER	0.8976287089217314	VIPER+PhosphoScore	0.7676612620410527	VIPER	NA	NA	NA	NA	1.02759615580241	PhosphoScore	NA	NA	0.5963723187998173	VIPER	0.5963723187998173	VIPER	0.8119842373011137	VIPER+PhosphoScore	0.5963723187998173	VIPER	NA	NA	NA	NA	1.02759615580241	PhosphoScore	NA	NA	0.8460947617595596	VIPER	0.8460947617595596	VIPER	0.9368454587809848	VIPER+PhosphoScore	0.8460947617595596	VIPER	NA	NA	NA	NA	1.02759615580241	PhosphoScore	NA	NA	0.5963723187998173	VIPER	0.5963723187998173	VIPER	0.8119842373011137	VIPER+PhosphoScore	0.5963723187998173	VIPER	NA	NA	NA	NA	1.02759615580241	PhosphoScore	NA	NA
HMGA1	NA	NA	NA	NA	1.00640805562337	PhosphoScore	NA	NA	NA	NA	NA	NA	1.00640805562337	PhosphoScore	NA	NA	NA	NA	NA	NA	1.00640805562337	PhosphoScore	NA	NA	NA	NA	NA	NA	1.00640805562337	PhosphoScore	NA	NA	NA	NA	NA	NA	1.00640805562337	PhosphoScore	NA	NA	NA	NA	NA	NA	1.00640805562337	PhosphoScore	NA	NA	NA	NA	NA	NA	1.00640805562337	PhosphoScore	NA	NA	NA	NA	NA	NA	1.00640805562337	PhosphoScore	NA	NA	NA	NA	NA	NA	1.00640805562337	PhosphoScore	NA	NA	NA	NA	NA	NA	1.00640805562337	PhosphoScore	NA	NA	NA	NA	NA	NA	1.00640805562337	PhosphoScore	NA	NA	NA	NA	NA	NA	1.00640805562337	PhosphoScore	NA	NA	NA	NA	NA	NA	1.00640805562337	PhosphoScore	NA	NA	NA	NA	NA	NA	1.00640805562337	PhosphoScore	NA	NA	NA	NA	NA	NA	1.00640805562337	PhosphoScore	NA	NA	NA	NA	NA	NA	1.00640805562337	PhosphoScore	NA	NA
JUNB	NA	NA	NA	NA	-1.90773518880208	PhosphoScore	NA	NA	NA	NA	NA	NA	-1.90773518880208	PhosphoScore	NA	NA	NA	NA	NA	NA	-1.90773518880208	PhosphoScore	NA	NA	NA	NA	NA	NA	-1.90773518880208	PhosphoScore	NA	NA	NA	NA	NA	NA	-1.90773518880208	PhosphoScore	NA	NA	NA	NA	NA	NA	-1.90773518880208	PhosphoScore	NA	NA	NA	NA	NA	NA	-1.90773518880208	PhosphoScore	NA	NA	NA	NA	NA	NA	-1.90773518880208	PhosphoScore	NA	NA	NA	NA	NA	NA	-1.90773518880208	PhosphoScore	NA	NA	NA	NA	NA	NA	-1.90773518880208	PhosphoScore	NA	NA	NA	NA	NA	NA	-1.90773518880208	PhosphoScore	NA	NA	NA	NA	NA	NA	-1.90773518880208	PhosphoScore	NA	NA	NA	NA	NA	NA	-1.90773518880208	PhosphoScore	NA	NA	NA	NA	NA	NA	-1.90773518880208	PhosphoScore	NA	NA	NA	NA	NA	NA	-1.90773518880208	PhosphoScore	NA	NA	NA	NA	NA	NA	-1.90773518880208	PhosphoScore	NA	NA
JUND	NA	NA	NA	NA	1.67304229736328	PhosphoScore	NA	NA	NA	NA	NA	NA	1.67304229736328	PhosphoScore	NA	NA	NA	NA	NA	NA	1.67304229736328	PhosphoScore	NA	NA	NA	NA	NA	NA	1.67304229736328	PhosphoScore	NA	NA	NA	NA	NA	NA	1.67304229736328	PhosphoScore	NA	NA	NA	NA	NA	NA	1.67304229736328	PhosphoScore	NA	NA	NA	NA	NA	NA	1.67304229736328	PhosphoScore	NA	NA	NA	NA	NA	NA	1.67304229736328	PhosphoScore	NA	NA	NA	NA	NA	NA	1.67304229736328	PhosphoScore	NA	NA	NA	NA	NA	NA	1.67304229736328	PhosphoScore	NA	NA	NA	NA	NA	NA	1.67304229736328	PhosphoScore	NA	NA	NA	NA	NA	NA	1.67304229736328	PhosphoScore	NA	NA	NA	NA	NA	NA	1.67304229736328	PhosphoScore	NA	NA	NA	NA	NA	NA	1.67304229736328	PhosphoScore	NA	NA	NA	NA	NA	NA	1.67304229736328	PhosphoScore	NA	NA	NA	NA	NA	NA	1.67304229736328	PhosphoScore	NA	NA
KAT5	NA	NA	NA	NA	0.357889811197914	PhosphoScore	0.357889811197914	PhosphoScore	NA	NA	NA	NA	0.357889811197914	PhosphoScore	0.357889811197914	PhosphoScore	NA	NA	NA	NA	0.357889811197914	PhosphoScore	0.357889811197914	PhosphoScore	NA	NA	NA	NA	0.357889811197914	PhosphoScore	0.357889811197914	PhosphoScore	NA	NA	NA	NA	0.357889811197914	PhosphoScore	0.357889811197914	PhosphoScore	NA	NA	NA	NA	0.357889811197914	PhosphoScore	0.357889811197914	PhosphoScore	NA	NA	NA	NA	0.357889811197914	PhosphoScore	0.357889811197914	PhosphoScore	NA	NA	NA	NA	0.357889811197914	PhosphoScore	0.357889811197914	PhosphoScore	NA	NA	NA	NA	0.357889811197914	PhosphoScore	0.357889811197914	PhosphoScore	NA	NA	NA	NA	0.357889811197914	PhosphoScore	0.357889811197914	PhosphoScore	NA	NA	NA	NA	0.357889811197914	PhosphoScore	0.357889811197914	PhosphoScore	NA	NA	NA	NA	0.357889811197914	PhosphoScore	0.357889811197914	PhosphoScore	NA	NA	NA	NA	0.357889811197914	PhosphoScore	0.357889811197914	PhosphoScore	NA	NA	NA	NA	0.357889811197914	PhosphoScore	0.357889811197914	PhosphoScore	NA	NA	NA	NA	0.357889811197914	PhosphoScore	0.357889811197914	PhosphoScore	NA	NA	NA	NA	0.357889811197914	PhosphoScore	0.357889811197914	PhosphoScore
MAX	NA	NA	NA	NA	-0.985356648763023	PhosphoScore	-0.985356648763023	PhosphoScore	NA	NA	NA	NA	-0.985356648763023	PhosphoScore	-0.985356648763023	PhosphoScore	NA	NA	NA	NA	-0.985356648763023	PhosphoScore	-0.985356648763023	PhosphoScore	NA	NA	NA	NA	-0.985356648763023	PhosphoScore	-0.985356648763023	PhosphoScore	NA	NA	NA	NA	-0.985356648763023	PhosphoScore	-0.985356648763023	PhosphoScore	NA	NA	NA	NA	-0.985356648763023	PhosphoScore	-0.985356648763023	PhosphoScore	NA	NA	NA	NA	-0.985356648763023	PhosphoScore	-0.985356648763023	PhosphoScore	NA	NA	NA	NA	-0.985356648763023	PhosphoScore	-0.985356648763023	PhosphoScore	3.942573582486113	VIPER	3.942573582486113	VIPER	1.478608466861545	VIPER+PhosphoScore	1.478608466861545	VIPER+PhosphoScore	3.942573582486113	VIPER	3.942573582486113	VIPER	1.478608466861545	VIPER+PhosphoScore	1.478608466861545	VIPER+PhosphoScore	2.6066011679508896	VIPER	2.6066011679508896	VIPER	0.8106222595939333	VIPER+PhosphoScore	0.8106222595939333	VIPER+PhosphoScore	2.6066011679508896	VIPER	2.6066011679508896	VIPER	0.8106222595939333	VIPER+PhosphoScore	0.8106222595939333	VIPER+PhosphoScore	2.795710439488579	VIPER	2.795710439488579	VIPER	0.905176895362778	VIPER+PhosphoScore	0.905176895362778	VIPER+PhosphoScore	2.795710439488579	VIPER	2.795710439488579	VIPER	0.905176895362778	VIPER+PhosphoScore	0.905176895362778	VIPER+PhosphoScore	2.199073059739847	VIPER	2.199073059739847	VIPER	0.6068582054884121	VIPER+PhosphoScore	0.6068582054884121	VIPER+PhosphoScore	2.199073059739847	VIPER	2.199073059739847	VIPER	0.6068582054884121	VIPER+PhosphoScore	0.6068582054884121	VIPER+PhosphoScore
MECP2	NA	NA	NA	NA	1.85615030924479	PhosphoScore	NA	NA	NA	NA	NA	NA	1.85615030924479	PhosphoScore	NA	NA	NA	NA	NA	NA	1.85615030924479	PhosphoScore	NA	NA	NA	NA	NA	NA	1.85615030924479	PhosphoScore	NA	NA	NA	NA	NA	NA	1.85615030924479	PhosphoScore	NA	NA	NA	NA	NA	NA	1.85615030924479	PhosphoScore	NA	NA	NA	NA	NA	NA	1.85615030924479	PhosphoScore	NA	NA	NA	NA	NA	NA	1.85615030924479	PhosphoScore	NA	NA	NA	NA	NA	NA	1.85615030924479	PhosphoScore	NA	NA	NA	NA	NA	NA	1.85615030924479	PhosphoScore	NA	NA	NA	NA	NA	NA	1.85615030924479	PhosphoScore	NA	NA	NA	NA	NA	NA	1.85615030924479	PhosphoScore	NA	NA	NA	NA	NA	NA	1.85615030924479	PhosphoScore	NA	NA	NA	NA	NA	NA	1.85615030924479	PhosphoScore	NA	NA	NA	NA	NA	NA	1.85615030924479	PhosphoScore	NA	NA	NA	NA	NA	NA	1.85615030924479	PhosphoScore	NA	NA
NCOA3	NA	NA	NA	NA	1.61048444112142	PhosphoScore	NA	NA	NA	NA	NA	NA	1.61048444112142	PhosphoScore	NA	NA	NA	NA	NA	NA	1.61048444112142	PhosphoScore	NA	NA	NA	NA	NA	NA	1.61048444112142	PhosphoScore	NA	NA	NA	NA	NA	NA	1.61048444112142	PhosphoScore	NA	NA	NA	NA	NA	NA	1.61048444112142	PhosphoScore	NA	NA	NA	NA	NA	NA	1.61048444112142	PhosphoScore	NA	NA	NA	NA	NA	NA	1.61048444112142	PhosphoScore	NA	NA	NA	NA	NA	NA	1.61048444112142	PhosphoScore	NA	NA	NA	NA	NA	NA	1.61048444112142	PhosphoScore	NA	NA	NA	NA	NA	NA	1.61048444112142	PhosphoScore	NA	NA	NA	NA	NA	NA	1.61048444112142	PhosphoScore	NA	NA	NA	NA	NA	NA	1.61048444112142	PhosphoScore	NA	NA	NA	NA	NA	NA	1.61048444112142	PhosphoScore	NA	NA	NA	NA	NA	NA	1.61048444112142	PhosphoScore	NA	NA	NA	NA	NA	NA	1.61048444112142	PhosphoScore	NA	NA
NFATC3	NA	NA	NA	NA	-0.94006665547689	PhosphoScore	NA	NA	NA	NA	NA	NA	-0.94006665547689	PhosphoScore	NA	NA	NA	NA	NA	NA	-0.94006665547689	PhosphoScore	NA	NA	NA	NA	NA	NA	-0.94006665547689	PhosphoScore	NA	NA	NA	NA	NA	NA	-0.94006665547689	PhosphoScore	NA	NA	NA	NA	NA	NA	-0.94006665547689	PhosphoScore	NA	NA	NA	NA	NA	NA	-0.94006665547689	PhosphoScore	NA	NA	NA	NA	NA	NA	-0.94006665547689	PhosphoScore	NA	NA	NA	NA	NA	NA	-0.94006665547689	PhosphoScore	NA	NA	NA	NA	NA	NA	-0.94006665547689	PhosphoScore	NA	NA	NA	NA	NA	NA	-0.94006665547689	PhosphoScore	NA	NA	NA	NA	NA	NA	-0.94006665547689	PhosphoScore	NA	NA	NA	NA	NA	NA	-0.94006665547689	PhosphoScore	NA	NA	NA	NA	NA	NA	-0.94006665547689	PhosphoScore	NA	NA	NA	NA	NA	NA	-0.94006665547689	PhosphoScore	NA	NA	NA	NA	NA	NA	-0.94006665547689	PhosphoScore	NA	NA
NFKB1	NA	NA	NA	NA	1.05961990356445	PhosphoScore	NA	NA	NA	NA	NA	NA	1.05961990356445	PhosphoScore	NA	NA	NA	NA	NA	NA	1.05961990356445	PhosphoScore	NA	NA	NA	NA	NA	NA	1.05961990356445	PhosphoScore	NA	NA	NA	NA	NA	NA	1.05961990356445	PhosphoScore	NA	NA	NA	NA	NA	NA	1.05961990356445	PhosphoScore	NA	NA	NA	NA	NA	NA	1.05961990356445	PhosphoScore	NA	NA	NA	NA	NA	NA	1.05961990356445	PhosphoScore	NA	NA	NA	NA	NA	NA	1.05961990356445	PhosphoScore	NA	NA	NA	NA	NA	NA	1.05961990356445	PhosphoScore	NA	NA	NA	NA	NA	NA	1.05961990356445	PhosphoScore	NA	NA	NA	NA	NA	NA	1.05961990356445	PhosphoScore	NA	NA	NA	NA	NA	NA	1.05961990356445	PhosphoScore	NA	NA	NA	NA	NA	NA	1.05961990356445	PhosphoScore	NA	NA	NA	NA	NA	NA	1.05961990356445	PhosphoScore	NA	NA	NA	NA	NA	NA	1.05961990356445	PhosphoScore	NA	NA
NUP98	NA	NA	NA	NA	-3.71940803527832	PhosphoScore	NA	NA	NA	NA	NA	NA	-3.71940803527832	PhosphoScore	NA	NA	NA	NA	NA	NA	-3.71940803527832	PhosphoScore	NA	NA	NA	NA	NA	NA	-3.71940803527832	PhosphoScore	NA	NA	NA	NA	NA	NA	-3.71940803527832	PhosphoScore	NA	NA	NA	NA	NA	NA	-3.71940803527832	PhosphoScore	NA	NA	NA	NA	NA	NA	-3.71940803527832	PhosphoScore	NA	NA	NA	NA	NA	NA	-3.71940803527832	PhosphoScore	NA	NA	NA	NA	NA	NA	-3.71940803527832	PhosphoScore	NA	NA	NA	NA	NA	NA	-3.71940803527832	PhosphoScore	NA	NA	NA	NA	NA	NA	-3.71940803527832	PhosphoScore	NA	NA	NA	NA	NA	NA	-3.71940803527832	PhosphoScore	NA	NA	NA	NA	NA	NA	-3.71940803527832	PhosphoScore	NA	NA	NA	NA	NA	NA	-3.71940803527832	PhosphoScore	NA	NA	NA	NA	NA	NA	-3.71940803527832	PhosphoScore	NA	NA	NA	NA	NA	NA	-3.71940803527832	PhosphoScore	NA	NA
PPP1R13L	NA	NA	NA	NA	0.719626744588219	PhosphoScore	NA	NA	NA	NA	NA	NA	0.719626744588219	PhosphoScore	NA	NA	NA	NA	NA	NA	0.719626744588219	PhosphoScore	NA	NA	NA	NA	NA	NA	0.719626744588219	PhosphoScore	NA	NA	NA	NA	NA	NA	0.719626744588219	PhosphoScore	NA	NA	NA	NA	NA	NA	0.719626744588219	PhosphoScore	NA	NA	NA	NA	NA	NA	0.719626744588219	PhosphoScore	NA	NA	NA	NA	NA	NA	0.719626744588219	PhosphoScore	NA	NA	NA	NA	NA	NA	0.719626744588219	PhosphoScore	NA	NA	NA	NA	NA	NA	0.719626744588219	PhosphoScore	NA	NA	NA	NA	NA	NA	0.719626744588219	PhosphoScore	NA	NA	NA	NA	NA	NA	0.719626744588219	PhosphoScore	NA	NA	NA	NA	NA	NA	0.719626744588219	PhosphoScore	NA	NA	NA	NA	NA	NA	0.719626744588219	PhosphoScore	NA	NA	NA	NA	NA	NA	0.719626744588219	PhosphoScore	NA	NA	NA	NA	NA	NA	0.719626744588219	PhosphoScore	NA	NA
RB1	NA	NA	NA	NA	-0.887730280558269	PhosphoScore	NA	NA	NA	NA	NA	NA	-0.887730280558269	PhosphoScore	NA	NA	NA	NA	NA	NA	-0.887730280558269	PhosphoScore	NA	NA	NA	NA	NA	NA	-0.887730280558269	PhosphoScore	NA	NA	NA	NA	NA	NA	-0.887730280558269	PhosphoScore	NA	NA	NA	NA	NA	NA	-0.887730280558269	PhosphoScore	NA	NA	NA	NA	NA	NA	-0.887730280558269	PhosphoScore	NA	NA	NA	NA	NA	NA	-0.887730280558269	PhosphoScore	NA	NA	3.548283425131956	VIPER	3.548283425131956	VIPER	1.3302765722868435	VIPER+PhosphoScore	3.548283425131956	VIPER	3.548283425131956	VIPER	3.548283425131956	VIPER	1.3302765722868435	VIPER+PhosphoScore	3.548283425131956	VIPER	2.1314390261425493	VIPER	2.1314390261425493	VIPER	0.6218543727921402	VIPER+PhosphoScore	2.1314390261425493	VIPER	2.1314390261425493	VIPER	2.1314390261425493	VIPER	0.6218543727921402	VIPER+PhosphoScore	2.1314390261425493	VIPER	4.171158422048177	VIPER	4.171158422048177	VIPER	1.641714070744954	VIPER+PhosphoScore	4.171158422048177	VIPER	4.171158422048177	VIPER	4.171158422048177	VIPER	1.641714070744954	VIPER+PhosphoScore	4.171158422048177	VIPER	2.2733270258300635	VIPER	2.2733270258300635	VIPER	0.6927983726358973	VIPER+PhosphoScore	2.2733270258300635	VIPER	2.2733270258300635	VIPER	2.2733270258300635	VIPER	0.6927983726358973	VIPER+PhosphoScore	2.2733270258300635	VIPER
RBBP8	NA	NA	NA	NA	-0.607996622721352	PhosphoScore	NA	NA	NA	NA	NA	NA	-0.607996622721352	PhosphoScore	NA	NA	NA	NA	NA	NA	-0.607996622721352	PhosphoScore	NA	NA	NA	NA	NA	NA	-0.607996622721352	PhosphoScore	NA	NA	NA	NA	NA	NA	-0.607996622721352	PhosphoScore	NA	NA	NA	NA	NA	NA	-0.607996622721352	PhosphoScore	NA	NA	NA	NA	NA	NA	-0.607996622721352	PhosphoScore	NA	NA	NA	NA	NA	NA	-0.607996622721352	PhosphoScore	NA	NA	NA	NA	NA	NA	-0.607996622721352	PhosphoScore	NA	NA	NA	NA	NA	NA	-0.607996622721352	PhosphoScore	NA	NA	NA	NA	NA	NA	-0.607996622721352	PhosphoScore	NA	NA	NA	NA	NA	NA	-0.607996622721352	PhosphoScore	NA	NA	NA	NA	NA	NA	-0.607996622721352	PhosphoScore	NA	NA	NA	NA	NA	NA	-0.607996622721352	PhosphoScore	NA	NA	NA	NA	NA	NA	-0.607996622721352	PhosphoScore	NA	NA	NA	NA	NA	NA	-0.607996622721352	PhosphoScore	NA	NA
REST	NA	NA	NA	NA	-1.33078002929688	PhosphoScore	NA	NA	NA	NA	NA	NA	-1.33078002929688	PhosphoScore	NA	NA	NA	NA	NA	NA	-1.33078002929688	PhosphoScore	NA	NA	NA	NA	NA	NA	-1.33078002929688	PhosphoScore	NA	NA	NA	NA	NA	NA	-1.33078002929688	PhosphoScore	NA	NA	NA	NA	NA	NA	-1.33078002929688	PhosphoScore	NA	NA	NA	NA	NA	NA	-1.33078002929688	PhosphoScore	NA	NA	NA	NA	NA	NA	-1.33078002929688	PhosphoScore	NA	NA	5.855710578519468	VIPER	5.855710578519468	VIPER	2.262465274611294	VIPER+PhosphoScore	5.855710578519468	VIPER	5.855710578519468	VIPER	5.855710578519468	VIPER	2.262465274611294	VIPER+PhosphoScore	5.855710578519468	VIPER	3.027133280308943	VIPER	3.027133280308943	VIPER	0.8481766255060313	VIPER+PhosphoScore	3.027133280308943	VIPER	3.027133280308943	VIPER	3.027133280308943	VIPER	0.8481766255060313	VIPER+PhosphoScore	3.027133280308943	VIPER	6.454000340843574	VIPER	6.454000340843574	VIPER	2.561610155773347	VIPER+PhosphoScore	6.454000340843574	VIPER	6.454000340843574	VIPER	6.454000340843574	VIPER	2.561610155773347	VIPER+PhosphoScore	6.454000340843574	VIPER	3.027133280308943	VIPER	3.027133280308943	VIPER	0.8481766255060313	VIPER+PhosphoScore	3.027133280308943	VIPER	3.027133280308943	VIPER	3.027133280308943	VIPER	0.8481766255060313	VIPER+PhosphoScore	3.027133280308943	VIPER
RUNX1	NA	NA	NA	NA	-1.23720105489095	PhosphoScore	-1.23720105489095	PhosphoScore	NA	NA	NA	NA	-1.23720105489095	PhosphoScore	-1.23720105489095	PhosphoScore	NA	NA	NA	NA	-1.23720105489095	PhosphoScore	-1.23720105489095	PhosphoScore	NA	NA	NA	NA	-1.23720105489095	PhosphoScore	-1.23720105489095	PhosphoScore	NA	NA	NA	NA	-1.23720105489095	PhosphoScore	-1.23720105489095	PhosphoScore	NA	NA	NA	NA	-1.23720105489095	PhosphoScore	-1.23720105489095	PhosphoScore	NA	NA	NA	NA	-1.23720105489095	PhosphoScore	-1.23720105489095	PhosphoScore	NA	NA	NA	NA	-1.23720105489095	PhosphoScore	-1.23720105489095	PhosphoScore	NA	NA	NA	NA	-1.23720105489095	PhosphoScore	-1.23720105489095	PhosphoScore	NA	NA	NA	NA	-1.23720105489095	PhosphoScore	-1.23720105489095	PhosphoScore	NA	NA	NA	NA	-1.23720105489095	PhosphoScore	-1.23720105489095	PhosphoScore	NA	NA	NA	NA	-1.23720105489095	PhosphoScore	-1.23720105489095	PhosphoScore	NA	NA	NA	NA	-1.23720105489095	PhosphoScore	-1.23720105489095	PhosphoScore	NA	NA	NA	NA	-1.23720105489095	PhosphoScore	-1.23720105489095	PhosphoScore	NA	NA	NA	NA	-1.23720105489095	PhosphoScore	-1.23720105489095	PhosphoScore	NA	NA	NA	NA	-1.23720105489095	PhosphoScore	-1.23720105489095	PhosphoScore
SF1	NA	NA	NA	NA	0.724833806355793	PhosphoScore	NA	NA	NA	NA	NA	NA	0.724833806355793	PhosphoScore	NA	NA	NA	NA	NA	NA	0.724833806355793	PhosphoScore	NA	NA	NA	NA	NA	NA	0.724833806355793	PhosphoScore	NA	NA	NA	NA	NA	NA	0.724833806355793	PhosphoScore	NA	NA	NA	NA	NA	NA	0.724833806355793	PhosphoScore	NA	NA	NA	NA	NA	NA	0.724833806355793	PhosphoScore	NA	NA	NA	NA	NA	NA	0.724833806355793	PhosphoScore	NA	NA	NA	NA	NA	NA	0.724833806355793	PhosphoScore	NA	NA	NA	NA	NA	NA	0.724833806355793	PhosphoScore	NA	NA	NA	NA	NA	NA	0.724833806355793	PhosphoScore	NA	NA	NA	NA	NA	NA	0.724833806355793	PhosphoScore	NA	NA	NA	NA	NA	NA	0.724833806355793	PhosphoScore	NA	NA	NA	NA	NA	NA	0.724833806355793	PhosphoScore	NA	NA	NA	NA	NA	NA	0.724833806355793	PhosphoScore	NA	NA	NA	NA	NA	NA	0.724833806355793	PhosphoScore	NA	NA
TP53BP1	NA	NA	NA	NA	4.06335576375326	PhosphoScore	NA	NA	NA	NA	NA	NA	4.06335576375326	PhosphoScore	NA	NA	NA	NA	NA	NA	4.06335576375326	PhosphoScore	NA	NA	NA	NA	NA	NA	4.06335576375326	PhosphoScore	NA	NA	NA	NA	NA	NA	4.06335576375326	PhosphoScore	NA	NA	NA	NA	NA	NA	4.06335576375326	PhosphoScore	NA	NA	NA	NA	NA	NA	4.06335576375326	PhosphoScore	NA	NA	NA	NA	NA	NA	4.06335576375326	PhosphoScore	NA	NA	NA	NA	NA	NA	4.06335576375326	PhosphoScore	NA	NA	NA	NA	NA	NA	4.06335576375326	PhosphoScore	NA	NA	NA	NA	NA	NA	4.06335576375326	PhosphoScore	NA	NA	NA	NA	NA	NA	4.06335576375326	PhosphoScore	NA	NA	NA	NA	NA	NA	4.06335576375326	PhosphoScore	NA	NA	NA	NA	NA	NA	4.06335576375326	PhosphoScore	NA	NA	NA	NA	NA	NA	4.06335576375326	PhosphoScore	NA	NA	NA	NA	NA	NA	4.06335576375326	PhosphoScore	NA	NA
USP16	NA	NA	NA	NA	1.87709999084473	PhosphoScore	NA	NA	NA	NA	NA	NA	1.87709999084473	PhosphoScore	NA	NA	NA	NA	NA	NA	1.87709999084473	PhosphoScore	NA	NA	NA	NA	NA	NA	1.87709999084473	PhosphoScore	NA	NA	NA	NA	NA	NA	1.87709999084473	PhosphoScore	NA	NA	NA	NA	NA	NA	1.87709999084473	PhosphoScore	NA	NA	NA	NA	NA	NA	1.87709999084473	PhosphoScore	NA	NA	NA	NA	NA	NA	1.87709999084473	PhosphoScore	NA	NA	NA	NA	NA	NA	1.87709999084473	PhosphoScore	NA	NA	NA	NA	NA	NA	1.87709999084473	PhosphoScore	NA	NA	NA	NA	NA	NA	1.87709999084473	PhosphoScore	NA	NA	NA	NA	NA	NA	1.87709999084473	PhosphoScore	NA	NA	NA	NA	NA	NA	1.87709999084473	PhosphoScore	NA	NA	NA	NA	NA	NA	1.87709999084473	PhosphoScore	NA	NA	NA	NA	NA	NA	1.87709999084473	PhosphoScore	NA	NA	NA	NA	NA	NA	1.87709999084473	PhosphoScore	NA	NA
ATF7	NA	NA	NA	NA	NA	NA	1.43946329752604	PhosphoScore	NA	NA	NA	NA	NA	NA	1.43946329752604	PhosphoScore	NA	NA	NA	NA	NA	NA	1.43946329752604	PhosphoScore	NA	NA	NA	NA	NA	NA	1.43946329752604	PhosphoScore	NA	NA	NA	NA	NA	NA	1.43946329752604	PhosphoScore	NA	NA	NA	NA	NA	NA	1.43946329752604	PhosphoScore	NA	NA	NA	NA	NA	NA	1.43946329752604	PhosphoScore	NA	NA	NA	NA	NA	NA	1.43946329752604	PhosphoScore	NA	NA	NA	NA	NA	NA	1.43946329752604	PhosphoScore	NA	NA	NA	NA	NA	NA	1.43946329752604	PhosphoScore	NA	NA	NA	NA	NA	NA	1.43946329752604	PhosphoScore	NA	NA	NA	NA	NA	NA	1.43946329752604	PhosphoScore	NA	NA	NA	NA	NA	NA	1.43946329752604	PhosphoScore	NA	NA	NA	NA	NA	NA	1.43946329752604	PhosphoScore	NA	NA	NA	NA	NA	NA	1.43946329752604	PhosphoScore	NA	NA	NA	NA	NA	NA	1.43946329752604	PhosphoScore
TRIM28	NA	NA	NA	NA	NA	NA	1.1972541809082	PhosphoScore	NA	NA	NA	NA	NA	NA	1.1972541809082	PhosphoScore	NA	NA	NA	NA	NA	NA	1.1972541809082	PhosphoScore	NA	NA	NA	NA	NA	NA	1.1972541809082	PhosphoScore	NA	NA	NA	NA	NA	NA	1.1972541809082	PhosphoScore	NA	NA	NA	NA	NA	NA	1.1972541809082	PhosphoScore	NA	NA	NA	NA	NA	NA	1.1972541809082	PhosphoScore	NA	NA	NA	NA	NA	NA	1.1972541809082	PhosphoScore	NA	NA	NA	NA	NA	NA	1.1972541809082	PhosphoScore	NA	NA	NA	NA	NA	NA	1.1972541809082	PhosphoScore	NA	NA	NA	NA	NA	NA	1.1972541809082	PhosphoScore	NA	NA	NA	NA	NA	NA	1.1972541809082	PhosphoScore	NA	NA	NA	NA	NA	NA	1.1972541809082	PhosphoScore	NA	NA	NA	NA	NA	NA	1.1972541809082	PhosphoScore	NA	NA	NA	NA	NA	NA	1.1972541809082	PhosphoScore	NA	NA	NA	NA	NA	NA	1.1972541809082	PhosphoScore
FOXO4	NA	NA	NA	NA	NA	NA	NA	NA	NA	NA	NA	NA	NA	NA	NA	NA	NA	NA	NA	NA	NA	NA	NA	NA	NA	NA	NA	NA	NA	NA	NA	NA	18.9903606609013	VIPER	18.9903606609013	VIPER	18.9903606609013	VIPER	18.9903606609013	VIPER	18.9903606609013	VIPER	18.9903606609013	VIPER	18.9903606609013	VIPER	18.9903606609013	VIPER	4.747590165225325	VIPER	4.747590165225325	VIPER	4.747590165225325	VIPER	4.747590165225325	VIPER	4.747590165225325	VIPER	4.747590165225325	VIPER	4.747590165225325	VIPER	4.747590165225325	VIPER	6.3399277722795935	VIPER	6.3399277722795935	VIPER	6.3399277722795935	VIPER	6.3399277722795935	VIPER	6.3399277722795935	VIPER	6.3399277722795935	VIPER	6.3399277722795935	VIPER	6.3399277722795935	VIPER	3.118475749991129	VIPER	3.118475749991129	VIPER	3.118475749991129	VIPER	3.118475749991129	VIPER	3.118475749991129	VIPER	3.118475749991129	VIPER	3.118475749991129	VIPER	3.118475749991129	VIPER	6.987690982084302	VIPER	6.987690982084302	VIPER	6.987690982084302	VIPER	6.987690982084302	VIPER	6.987690982084302	VIPER	6.987690982084302	VIPER	6.987690982084302	VIPER	6.987690982084302	VIPER	3.118475749991129	VIPER	3.118475749991129	VIPER	3.118475749991129	VIPER	3.118475749991129	VIPER	3.118475749991129	VIPER	3.118475749991129	VIPER	3.118475749991129	VIPER	3.118475749991129	VIPER
NFIA	NA	NA	NA	NA	NA	NA	NA	NA	NA	NA	NA	NA	NA	NA	NA	NA	NA	NA	NA	NA	NA	NA	NA	NA	NA	NA	NA	NA	NA	NA	NA	NA	-5.361073825605985	VIPER	-5.361073825605985	VIPER	-5.361073825605985	VIPER	-5.361073825605985	VIPER	-5.361073825605985	VIPER	-5.361073825605985	VIPER	-5.361073825605985	VIPER	-5.361073825605985	VIPER	-2.9875895056754023	VIPER	-2.9875895056754023	VIPER	-2.9875895056754023	VIPER	-2.9875895056754023	VIPER	-2.9875895056754023	VIPER	-2.9875895056754023	VIPER	-2.9875895056754023	VIPER	-2.9875895056754023	VIPER	NA	NA	NA	NA	NA	NA	NA	NA	NA	NA	NA	NA	NA	NA	NA	NA	NA	NA	NA	NA	NA	NA	NA	NA	NA	NA	NA	NA	NA	NA	NA	NA	NA	NA	NA	NA	NA	NA	NA	NA	NA	NA	NA	NA	NA	NA	NA	NA	NA	NA	NA	NA	NA	NA	NA	NA	NA	NA	NA	NA	NA	NA	NA	NA
POU2F1	NA	NA	NA	NA	NA	NA	NA	NA	NA	NA	NA	NA	NA	NA	NA	NA	NA	NA	NA	NA	NA	NA	NA	NA	NA	NA	NA	NA	NA	NA	NA	NA	3.882105953623472	VIPER	3.882105953623472	VIPER	3.882105953623472	VIPER	3.882105953623472	VIPER	3.882105953623472	VIPER	3.882105953623472	VIPER	3.882105953623472	VIPER	3.882105953623472	VIPER	2.644368715423128	VIPER	2.644368715423128	VIPER	2.644368715423128	VIPER	2.644368715423128	VIPER	2.644368715423128	VIPER	2.644368715423128	VIPER	2.644368715423128	VIPER	2.644368715423128	VIPER	6.602315036154754	VIPER	6.602315036154754	VIPER	6.602315036154754	VIPER	6.602315036154754	VIPER	6.602315036154754	VIPER	6.602315036154754	VIPER	6.602315036154754	VIPER	6.602315036154754	VIPER	3.1660342802738644	VIPER	3.1660342802738644	VIPER	3.1660342802738644	VIPER	3.1660342802738644	VIPER	3.1660342802738644	VIPER	3.1660342802738644	VIPER	3.1660342802738644	VIPER	3.1660342802738644	VIPER	7.276886882014086	VIPER	7.276886882014086	VIPER	7.276886882014086	VIPER	7.276886882014086	VIPER	7.276886882014086	VIPER	7.276886882014086	VIPER	7.276886882014086	VIPER	7.276886882014086	VIPER	3.1660342802738644	VIPER	3.1660342802738644	VIPER	3.1660342802738644	VIPER	3.1660342802738644	VIPER	3.1660342802738644	VIPER	3.1660342802738644	VIPER	3.1660342802738644	VIPER	3.1660342802738644	VIPER
SP3	NA	NA	NA	NA	NA	NA	NA	NA	NA	NA	NA	NA	NA	NA	NA	NA	NA	NA	NA	NA	NA	NA	NA	NA	NA	NA	NA	NA	NA	NA	NA	NA	-0.2229240999138257	VIPER	-0.2229240999138257	VIPER	-0.2229240999138257	VIPER	-0.2229240999138257	VIPER	NA	NA	NA	NA	NA	NA	NA	NA	-0.1598508189265104	VIPER	-0.1598508189265104	VIPER	-0.1598508189265104	VIPER	-0.1598508189265104	VIPER	NA	NA	NA	NA	NA	NA	NA	NA	NA	NA	NA	NA	NA	NA	NA	NA	NA	NA	NA	NA	NA	NA	NA	NA	NA	NA	NA	NA	NA	NA	NA	NA	NA	NA	NA	NA	NA	NA	NA	NA	NA	NA	NA	NA	NA	NA	NA	NA	NA	NA	NA	NA	NA	NA	NA	NA	NA	NA	NA	NA	NA	NA	NA	NA	NA	NA	NA	NA	NA	NA	NA	NA
TP53	NA	NA	NA	NA	NA	NA	NA	NA	NA	NA	NA	NA	NA	NA	NA	NA	NA	NA	NA	NA	NA	NA	NA	NA	NA	NA	NA	NA	NA	NA	NA	NA	4.780700079100857	VIPER	4.780700079100857	VIPER	4.780700079100857	VIPER	4.780700079100857	VIPER	4.780700079100857	VIPER	4.780700079100857	VIPER	4.780700079100857	VIPER	4.780700079100857	VIPER	2.861510433325982	VIPER	2.861510433325982	VIPER	2.861510433325982	VIPER	2.861510433325982	VIPER	2.861510433325982	VIPER	2.861510433325982	VIPER	2.861510433325982	VIPER	2.861510433325982	VIPER	NA	NA	NA	NA	NA	NA	NA	NA	NA	NA	NA	NA	NA	NA	NA	NA	NA	NA	NA	NA	NA	NA	NA	NA	NA	NA	NA	NA	NA	NA	NA	NA	NA	NA	NA	NA	NA	NA	NA	NA	NA	NA	NA	NA	NA	NA	NA	NA	NA	NA	NA	NA	NA	NA	NA	NA	NA	NA	NA	NA	NA	NA	NA	NA
VDR	NA	NA	NA	NA	NA	NA	NA	NA	NA	NA	NA	NA	NA	NA	NA	NA	NA	NA	NA	NA	NA	NA	NA	NA	NA	NA	NA	NA	NA	NA	NA	NA	1.919158065394632	VIPER	1.919158065394632	VIPER	1.919158065394632	VIPER	1.919158065394632	VIPER	1.919158065394632	VIPER	1.919158065394632	VIPER	1.919158065394632	VIPER	1.919158065394632	VIPER	2.012953151982113	VIPER	2.012953151982113	VIPER	2.012953151982113	VIPER	2.012953151982113	VIPER	2.012953151982113	VIPER	2.012953151982113	VIPER	2.012953151982113	VIPER	2.012953151982113	VIPER	NA	NA	NA	NA	NA	NA	NA	NA	NA	NA	NA	NA	NA	NA	NA	NA	NA	NA	NA	NA	NA	NA	NA	NA	NA	NA	NA	NA	NA	NA	NA	NA	NA	NA	NA	NA	NA	NA	NA	NA	NA	NA	NA	NA	NA	NA	NA	NA	NA	NA	NA	NA	NA	NA	NA	NA	NA	NA	NA	NA	NA	NA	NA	NA
ATF3	NA	NA	NA	NA	NA	NA	NA	NA	NA	NA	NA	NA	NA	NA	NA	NA	NA	NA	NA	NA	NA	NA	NA	NA	NA	NA	NA	NA	NA	NA	NA	NA	NA	NA	NA	NA	NA	NA	NA	NA	NA	NA	NA	NA	NA	NA	NA	NA	NA	NA	NA	NA	NA	NA	NA	NA	NA	NA	NA	NA	NA	NA	NA	NA	2.4937769217401407	VIPER	2.4937769217401407	VIPER	2.4937769217401407	VIPER	2.4937769217401407	VIPER	2.4937769217401407	VIPER	2.4937769217401407	VIPER	2.4937769217401407	VIPER	2.4937769217401407	VIPER	2.184545959190366	VIPER	2.184545959190366	VIPER	2.184545959190366	VIPER	2.184545959190366	VIPER	2.184545959190366	VIPER	2.184545959190366	VIPER	2.184545959190366	VIPER	2.184545959190366	VIPER	NA	NA	NA	NA	NA	NA	NA	NA	NA	NA	NA	NA	NA	NA	NA	NA	NA	NA	NA	NA	NA	NA	NA	NA	NA	NA	NA	NA	NA	NA	NA	NA
BMAL1	NA	NA	NA	NA	NA	NA	NA	NA	NA	NA	NA	NA	NA	NA	NA	NA	NA	NA	NA	NA	NA	NA	NA	NA	NA	NA	NA	NA	NA	NA	NA	NA	NA	NA	NA	NA	NA	NA	NA	NA	NA	NA	NA	NA	NA	NA	NA	NA	NA	NA	NA	NA	NA	NA	NA	NA	NA	NA	NA	NA	NA	NA	NA	NA	18.433851745067734	VIPER	18.433851745067734	VIPER	18.433851745067734	VIPER	18.433851745067734	VIPER	18.433851745067734	VIPER	18.433851745067734	VIPER	18.433851745067734	VIPER	18.433851745067734	VIPER	4.6084629362669345	VIPER	4.6084629362669345	VIPER	4.6084629362669345	VIPER	4.6084629362669345	VIPER	4.6084629362669345	VIPER	4.6084629362669345	VIPER	4.6084629362669345	VIPER	4.6084629362669345	VIPER	17.45242377831681	VIPER	17.45242377831681	VIPER	17.45242377831681	VIPER	17.45242377831681	VIPER	17.45242377831681	VIPER	17.45242377831681	VIPER	17.45242377831681	VIPER	17.45242377831681	VIPER	4.363105944579202	VIPER	4.363105944579202	VIPER	4.363105944579202	VIPER	4.363105944579202	VIPER	4.363105944579202	VIPER	4.363105944579202	VIPER	4.363105944579202	VIPER	4.363105944579202	VIPER
DDIT3	NA	NA	NA	NA	NA	NA	NA	NA	NA	NA	NA	NA	NA	NA	NA	NA	NA	NA	NA	NA	NA	NA	NA	NA	NA	NA	NA	NA	NA	NA	NA	NA	NA	NA	NA	NA	NA	NA	NA	NA	NA	NA	NA	NA	NA	NA	NA	NA	NA	NA	NA	NA	NA	NA	NA	NA	NA	NA	NA	NA	NA	NA	NA	NA	5.474101017715297	VIPER	5.474101017715297	VIPER	5.474101017715297	VIPER	5.474101017715297	VIPER	5.474101017715297	VIPER	5.474101017715297	VIPER	5.474101017715297	VIPER	5.474101017715297	VIPER	2.951522340899116	VIPER	2.951522340899116	VIPER	2.951522340899116	VIPER	2.951522340899116	VIPER	2.951522340899116	VIPER	2.951522340899116	VIPER	2.951522340899116	VIPER	2.951522340899116	VIPER	6.0334009614046344	VIPER	6.0334009614046344	VIPER	6.0334009614046344	VIPER	6.0334009614046344	VIPER	6.0334009614046344	VIPER	6.0334009614046344	VIPER	6.0334009614046344	VIPER	6.0334009614046344	VIPER	2.951522340899115	VIPER	2.951522340899115	VIPER	2.951522340899115	VIPER	2.951522340899115	VIPER	2.951522340899115	VIPER	2.951522340899115	VIPER	2.951522340899115	VIPER	2.951522340899115	VIPER
EGR3	NA	NA	NA	NA	NA	NA	NA	NA	NA	NA	NA	NA	NA	NA	NA	NA	NA	NA	NA	NA	NA	NA	NA	NA	NA	NA	NA	NA	NA	NA	NA	NA	NA	NA	NA	NA	NA	NA	NA	NA	NA	NA	NA	NA	NA	NA	NA	NA	NA	NA	NA	NA	NA	NA	NA	NA	NA	NA	NA	NA	NA	NA	NA	NA	10.441171725906928	VIPER	10.441171725906928	VIPER	10.441171725906928	VIPER	10.441171725906928	VIPER	10.441171725906928	VIPER	10.441171725906928	VIPER	10.441171725906928	VIPER	10.441171725906928	VIPER	3.7502597980400942	VIPER	3.7502597980400942	VIPER	3.7502597980400942	VIPER	3.7502597980400942	VIPER	3.7502597980400942	VIPER	3.7502597980400942	VIPER	3.7502597980400942	VIPER	3.7502597980400942	VIPER	8.569010523360875	VIPER	8.569010523360875	VIPER	8.569010523360875	VIPER	8.569010523360875	VIPER	8.569010523360875	VIPER	8.569010523360875	VIPER	8.569010523360875	VIPER	8.569010523360875	VIPER	3.3643205702373504	VIPER	3.3643205702373504	VIPER	3.3643205702373504	VIPER	3.3643205702373504	VIPER	3.3643205702373504	VIPER	3.3643205702373504	VIPER	3.3643205702373504	VIPER	3.3643205702373504	VIPER
ESRRG	NA	NA	NA	NA	NA	NA	NA	NA	NA	NA	NA	NA	NA	NA	NA	NA	NA	NA	NA	NA	NA	NA	NA	NA	NA	NA	NA	NA	NA	NA	NA	NA	NA	NA	NA	NA	NA	NA	NA	NA	NA	NA	NA	NA	NA	NA	NA	NA	NA	NA	NA	NA	NA	NA	NA	NA	NA	NA	NA	NA	NA	NA	NA	NA	4.2219059643543675	VIPER	4.2219059643543675	VIPER	4.2219059643543675	VIPER	4.2219059643543675	VIPER	4.2219059643543675	VIPER	4.2219059643543675	VIPER	4.2219059643543675	VIPER	4.2219059643543675	VIPER	2.5360812705637352	VIPER	2.5360812705637352	VIPER	2.5360812705637352	VIPER	2.5360812705637352	VIPER	2.5360812705637352	VIPER	2.5360812705637352	VIPER	2.5360812705637352	VIPER	2.5360812705637352	VIPER	4.65326661343326	VIPER	4.65326661343326	VIPER	4.65326661343326	VIPER	4.65326661343326	VIPER	4.65326661343326	VIPER	4.65326661343326	VIPER	4.65326661343326	VIPER	4.65326661343326	VIPER	2.5360812705637352	VIPER	2.5360812705637352	VIPER	2.5360812705637352	VIPER	2.5360812705637352	VIPER	2.5360812705637352	VIPER	2.5360812705637352	VIPER	2.5360812705637352	VIPER	2.5360812705637352	VIPER
HMGA2	NA	NA	NA	NA	NA	NA	NA	NA	NA	NA	NA	NA	NA	NA	NA	NA	NA	NA	NA	NA	NA	NA	NA	NA	NA	NA	NA	NA	NA	NA	NA	NA	NA	NA	NA	NA	NA	NA	NA	NA	NA	NA	NA	NA	NA	NA	NA	NA	NA	NA	NA	NA	NA	NA	NA	NA	NA	NA	NA	NA	NA	NA	NA	NA	2.1862025299439347	VIPER	2.1862025299439347	VIPER	2.1862025299439347	VIPER	2.1862025299439347	VIPER	2.1862025299439347	VIPER	2.1862025299439347	VIPER	2.1862025299439347	VIPER	2.1862025299439347	VIPER	2.0749021519899538	VIPER	2.0749021519899538	VIPER	2.0749021519899538	VIPER	2.0749021519899538	VIPER	2.0749021519899538	VIPER	2.0749021519899538	VIPER	2.0749021519899538	VIPER	2.0749021519899538	VIPER	2.409571252576948	VIPER	2.409571252576948	VIPER	2.409571252576948	VIPER	2.409571252576948	VIPER	2.409571252576948	VIPER	2.409571252576948	VIPER	2.409571252576948	VIPER	2.409571252576948	VIPER	2.0749021519899538	VIPER	2.0749021519899538	VIPER	2.0749021519899538	VIPER	2.0749021519899538	VIPER	2.0749021519899538	VIPER	2.0749021519899538	VIPER	2.0749021519899538	VIPER	2.0749021519899538	VIPER
HOXA9	NA	NA	NA	NA	NA	NA	NA	NA	NA	NA	NA	NA	NA	NA	NA	NA	NA	NA	NA	NA	NA	NA	NA	NA	NA	NA	NA	NA	NA	NA	NA	NA	NA	NA	NA	NA	NA	NA	NA	NA	NA	NA	NA	NA	NA	NA	NA	NA	NA	NA	NA	NA	NA	NA	NA	NA	NA	NA	NA	NA	NA	NA	NA	NA	2.895313842380629	VIPER	2.895313842380629	VIPER	2.895313842380629	VIPER	2.895313842380629	VIPER	2.895313842380629	VIPER	2.895313842380629	VIPER	2.895313842380629	VIPER	2.895313842380629	VIPER	2.3150004177168007	VIPER	2.3150004177168007	VIPER	2.3150004177168007	VIPER	2.3150004177168007	VIPER	2.3150004177168007	VIPER	2.3150004177168007	VIPER	2.3150004177168007	VIPER	2.3150004177168007	VIPER	3.191133898270338	VIPER	3.191133898270338	VIPER	3.191133898270338	VIPER	3.191133898270338	VIPER	3.191133898270338	VIPER	3.191133898270338	VIPER	3.191133898270338	VIPER	3.191133898270338	VIPER	2.3150004177168	VIPER	2.3150004177168	VIPER	2.3150004177168	VIPER	2.3150004177168	VIPER	2.3150004177168	VIPER	2.3150004177168	VIPER	2.3150004177168	VIPER	2.3150004177168	VIPER
KAT2B	NA	NA	NA	NA	NA	NA	NA	NA	NA	NA	NA	NA	NA	NA	NA	NA	NA	NA	NA	NA	NA	NA	NA	NA	NA	NA	NA	NA	NA	NA	NA	NA	NA	NA	NA	NA	NA	NA	NA	NA	NA	NA	NA	NA	NA	NA	NA	NA	NA	NA	NA	NA	NA	NA	NA	NA	NA	NA	NA	NA	NA	NA	NA	NA	4.337658403522021	VIPER	4.337658403522021	VIPER	4.337658403522021	VIPER	4.337658403522021	VIPER	4.337658403522021	VIPER	4.337658403522021	VIPER	4.337658403522021	VIPER	4.337658403522021	VIPER	2.605613277073039	VIPER	2.605613277073039	VIPER	2.605613277073039	VIPER	2.605613277073039	VIPER	2.605613277073039	VIPER	2.605613277073039	VIPER	2.605613277073039	VIPER	2.605613277073039	VIPER	4.780845712813955	VIPER	4.780845712813955	VIPER	4.780845712813955	VIPER	4.780845712813955	VIPER	4.780845712813955	VIPER	4.780845712813955	VIPER	4.780845712813955	VIPER	4.780845712813955	VIPER	2.605613277073039	VIPER	2.605613277073039	VIPER	2.605613277073039	VIPER	2.605613277073039	VIPER	2.605613277073039	VIPER	2.605613277073039	VIPER	2.605613277073039	VIPER	2.605613277073039	VIPER
KDM5A	NA	NA	NA	NA	NA	NA	NA	NA	NA	NA	NA	NA	NA	NA	NA	NA	NA	NA	NA	NA	NA	NA	NA	NA	NA	NA	NA	NA	NA	NA	NA	NA	NA	NA	NA	NA	NA	NA	NA	NA	NA	NA	NA	NA	NA	NA	NA	NA	NA	NA	NA	NA	NA	NA	NA	NA	NA	NA	NA	NA	NA	NA	NA	NA	2.696001261266721	VIPER	2.696001261266721	VIPER	2.696001261266721	VIPER	2.696001261266721	VIPER	2.696001261266721	VIPER	2.696001261266721	VIPER	2.696001261266721	VIPER	2.696001261266721	VIPER	2.25185176904144	VIPER	2.25185176904144	VIPER	2.25185176904144	VIPER	2.25185176904144	VIPER	2.25185176904144	VIPER	2.25185176904144	VIPER	2.25185176904144	VIPER	2.25185176904144	VIPER	2.9714571486778394	VIPER	2.9714571486778394	VIPER	2.9714571486778394	VIPER	2.9714571486778394	VIPER	2.9714571486778394	VIPER	2.9714571486778394	VIPER	2.9714571486778394	VIPER	2.9714571486778394	VIPER	2.25185176904144	VIPER	2.25185176904144	VIPER	2.25185176904144	VIPER	2.25185176904144	VIPER	2.25185176904144	VIPER	2.25185176904144	VIPER	2.25185176904144	VIPER	2.25185176904144	VIPER
MEF2D	NA	NA	NA	NA	NA	NA	NA	NA	NA	NA	NA	NA	NA	NA	NA	NA	NA	NA	NA	NA	NA	NA	NA	NA	NA	NA	NA	NA	NA	NA	NA	NA	NA	NA	NA	NA	NA	NA	NA	NA	NA	NA	NA	NA	NA	NA	NA	NA	NA	NA	NA	NA	NA	NA	NA	NA	NA	NA	NA	NA	NA	NA	NA	NA	5.70476473902291	VIPER	5.70476473902291	VIPER	5.70476473902291	VIPER	5.70476473902291	VIPER	5.70476473902291	VIPER	5.70476473902291	VIPER	5.70476473902291	VIPER	5.70476473902291	VIPER	2.9976305161630017	VIPER	2.9976305161630017	VIPER	2.9976305161630017	VIPER	2.9976305161630017	VIPER	2.9976305161630017	VIPER	2.9976305161630017	VIPER	2.9976305161630017	VIPER	2.9976305161630017	VIPER	6.287632060427977	VIPER	6.287632060427977	VIPER	6.287632060427977	VIPER	6.287632060427977	VIPER	6.287632060427977	VIPER	6.287632060427977	VIPER	6.287632060427977	VIPER	6.287632060427977	VIPER	2.9976305161630017	VIPER	2.9976305161630017	VIPER	2.9976305161630017	VIPER	2.9976305161630017	VIPER	2.9976305161630017	VIPER	2.9976305161630017	VIPER	2.9976305161630017	VIPER	2.9976305161630017	VIPER
NANOG	NA	NA	NA	NA	NA	NA	NA	NA	NA	NA	NA	NA	NA	NA	NA	NA	NA	NA	NA	NA	NA	NA	NA	NA	NA	NA	NA	NA	NA	NA	NA	NA	NA	NA	NA	NA	NA	NA	NA	NA	NA	NA	NA	NA	NA	NA	NA	NA	NA	NA	NA	NA	NA	NA	NA	NA	NA	NA	NA	NA	NA	NA	NA	NA	3.990858879019812	VIPER	3.990858879019812	VIPER	3.990858879019812	VIPER	3.990858879019812	VIPER	3.990858879019812	VIPER	3.990858879019812	VIPER	3.990858879019812	VIPER	3.990858879019812	VIPER	2.6187302162187582	VIPER	2.6187302162187582	VIPER	2.6187302162187582	VIPER	2.6187302162187582	VIPER	2.6187302162187582	VIPER	2.6187302162187582	VIPER	2.6187302162187582	VIPER	2.6187302162187582	VIPER	4.398612981307002	VIPER	4.398612981307002	VIPER	4.398612981307002	VIPER	4.398612981307002	VIPER	4.398612981307002	VIPER	4.398612981307002	VIPER	4.398612981307002	VIPER	4.398612981307002	VIPER	2.6187302162187582	VIPER	2.6187302162187582	VIPER	2.6187302162187582	VIPER	2.6187302162187582	VIPER	2.6187302162187582	VIPER	2.6187302162187582	VIPER	2.6187302162187582	VIPER	2.6187302162187582	VIPER
NEUROD1	NA	NA	NA	NA	NA	NA	NA	NA	NA	NA	NA	NA	NA	NA	NA	NA	NA	NA	NA	NA	NA	NA	NA	NA	NA	NA	NA	NA	NA	NA	NA	NA	NA	NA	NA	NA	NA	NA	NA	NA	NA	NA	NA	NA	NA	NA	NA	NA	NA	NA	NA	NA	NA	NA	NA	NA	NA	NA	NA	NA	NA	NA	NA	NA	4.014486687364143	VIPER	4.014486687364143	VIPER	4.014486687364143	VIPER	4.014486687364143	VIPER	4.014486687364143	VIPER	4.014486687364143	VIPER	4.014486687364143	VIPER	4.014486687364143	VIPER	2.411485377625788	VIPER	2.411485377625788	VIPER	2.411485377625788	VIPER	2.411485377625788	VIPER	2.411485377625788	VIPER	2.411485377625788	VIPER	2.411485377625788	VIPER	2.411485377625788	VIPER	4.424654890493412	VIPER	4.424654890493412	VIPER	4.424654890493412	VIPER	4.424654890493412	VIPER	4.424654890493412	VIPER	4.424654890493412	VIPER	4.424654890493412	VIPER	4.424654890493412	VIPER	2.411485377625788	VIPER	2.411485377625788	VIPER	2.411485377625788	VIPER	2.411485377625788	VIPER	2.411485377625788	VIPER	2.411485377625788	VIPER	2.411485377625788	VIPER	2.411485377625788	VIPER
NFAT5	NA	NA	NA	NA	NA	NA	NA	NA	NA	NA	NA	NA	NA	NA	NA	NA	NA	NA	NA	NA	NA	NA	NA	NA	NA	NA	NA	NA	NA	NA	NA	NA	NA	NA	NA	NA	NA	NA	NA	NA	NA	NA	NA	NA	NA	NA	NA	NA	NA	NA	NA	NA	NA	NA	NA	NA	NA	NA	NA	NA	NA	NA	NA	NA	-2.3118857515223845	VIPER	-2.3118857515223845	VIPER	-2.3118857515223845	VIPER	-2.3118857515223845	VIPER	-2.3118857515223845	VIPER	-2.3118857515223845	VIPER	-2.3118857515223845	VIPER	-2.3118857515223845	VIPER	-2.120860461801161	VIPER	-2.120860461801161	VIPER	-2.120860461801161	VIPER	-2.120860461801161	VIPER	-2.120860461801161	VIPER	-2.120860461801161	VIPER	-2.120860461801161	VIPER	-2.120860461801161	VIPER	-2.5480957824403623	VIPER	-2.5480957824403623	VIPER	-2.5480957824403623	VIPER	-2.5480957824403623	VIPER	-2.5480957824403623	VIPER	-2.5480957824403623	VIPER	-2.5480957824403623	VIPER	-2.5480957824403623	VIPER	-2.120860461801161	VIPER	-2.120860461801161	VIPER	-2.120860461801161	VIPER	-2.120860461801161	VIPER	-2.120860461801161	VIPER	-2.120860461801161	VIPER	-2.120860461801161	VIPER	-2.120860461801161	VIPER
NFIX	NA	NA	NA	NA	NA	NA	NA	NA	NA	NA	NA	NA	NA	NA	NA	NA	NA	NA	NA	NA	NA	NA	NA	NA	NA	NA	NA	NA	NA	NA	NA	NA	NA	NA	NA	NA	NA	NA	NA	NA	NA	NA	NA	NA	NA	NA	NA	NA	NA	NA	NA	NA	NA	NA	NA	NA	NA	NA	NA	NA	NA	NA	NA	NA	-1.9879961915178264	VIPER	-1.9879961915178264	VIPER	-1.9879961915178264	VIPER	-1.9879961915178264	VIPER	-1.9879961915178264	VIPER	-1.9879961915178264	VIPER	-1.9879961915178264	VIPER	-1.9879961915178264	VIPER	-1.9987558301974904	VIPER	-1.9987558301974904	VIPER	-1.9987558301974904	VIPER	-1.9987558301974904	VIPER	-1.9987558301974904	VIPER	-1.9987558301974904	VIPER	-1.9987558301974904	VIPER	-1.9987558301974904	VIPER	-2.1911137727192433	VIPER	-2.1911137727192433	VIPER	-2.1911137727192433	VIPER	-2.1911137727192433	VIPER	-2.1911137727192433	VIPER	-2.1911137727192433	VIPER	-2.1911137727192433	VIPER	-2.1911137727192433	VIPER	-1.99875583019749	VIPER	-1.99875583019749	VIPER	-1.99875583019749	VIPER	-1.99875583019749	VIPER	-1.99875583019749	VIPER	-1.99875583019749	VIPER	-1.99875583019749	VIPER	-1.99875583019749	VIPER
NFYA	NA	NA	NA	NA	NA	NA	NA	NA	NA	NA	NA	NA	NA	NA	NA	NA	NA	NA	NA	NA	NA	NA	NA	NA	NA	NA	NA	NA	NA	NA	NA	NA	NA	NA	NA	NA	NA	NA	NA	NA	NA	NA	NA	NA	NA	NA	NA	NA	NA	NA	NA	NA	NA	NA	NA	NA	NA	NA	NA	NA	NA	NA	NA	NA	3.41341408669555	VIPER	3.41341408669555	VIPER	3.41341408669555	VIPER	3.41341408669555	VIPER	3.41341408669555	VIPER	3.41341408669555	VIPER	3.41341408669555	VIPER	3.41341408669555	VIPER	2.466703087674537	VIPER	2.466703087674537	VIPER	2.466703087674537	VIPER	2.466703087674537	VIPER	2.466703087674537	VIPER	2.466703087674537	VIPER	2.466703087674537	VIPER	2.466703087674537	VIPER	NA	NA	NA	NA	NA	NA	NA	NA	NA	NA	NA	NA	NA	NA	NA	NA	NA	NA	NA	NA	NA	NA	NA	NA	NA	NA	NA	NA	NA	NA	NA	NA
NR2C2	NA	NA	NA	NA	NA	NA	NA	NA	NA	NA	NA	NA	NA	NA	NA	NA	NA	NA	NA	NA	NA	NA	NA	NA	NA	NA	NA	NA	NA	NA	NA	NA	NA	NA	NA	NA	NA	NA	NA	NA	NA	NA	NA	NA	NA	NA	NA	NA	NA	NA	NA	NA	NA	NA	NA	NA	NA	NA	NA	NA	NA	NA	NA	NA	4.946739031828251	VIPER	4.946739031828251	VIPER	4.946739031828251	VIPER	4.946739031828251	VIPER	4.946739031828251	VIPER	4.946739031828251	VIPER	4.946739031828251	VIPER	4.946739031828251	VIPER	2.9714854653103817	VIPER	2.9714854653103817	VIPER	2.9714854653103817	VIPER	2.9714854653103817	VIPER	2.9714854653103817	VIPER	2.9714854653103817	VIPER	2.9714854653103817	VIPER	2.9714854653103817	VIPER	5.452157337590929	VIPER	5.452157337590929	VIPER	5.452157337590929	VIPER	5.452157337590929	VIPER	5.452157337590929	VIPER	5.452157337590929	VIPER	5.452157337590929	VIPER	5.452157337590929	VIPER	2.9714854653103817	VIPER	2.9714854653103817	VIPER	2.9714854653103817	VIPER	2.9714854653103817	VIPER	2.9714854653103817	VIPER	2.9714854653103817	VIPER	2.9714854653103817	VIPER	2.9714854653103817	VIPER
NR2F2	NA	NA	NA	NA	NA	NA	NA	NA	NA	NA	NA	NA	NA	NA	NA	NA	NA	NA	NA	NA	NA	NA	NA	NA	NA	NA	NA	NA	NA	NA	NA	NA	NA	NA	NA	NA	NA	NA	NA	NA	NA	NA	NA	NA	NA	NA	NA	NA	NA	NA	NA	NA	NA	NA	NA	NA	NA	NA	NA	NA	NA	NA	NA	NA	3.3488885777572657	VIPER	3.3488885777572657	VIPER	3.3488885777572657	VIPER	3.3488885777572657	VIPER	3.3488885777572657	VIPER	3.3488885777572657	VIPER	3.3488885777572657	VIPER	3.3488885777572657	VIPER	2.4486810738655564	VIPER	2.4486810738655564	VIPER	2.4486810738655564	VIPER	2.4486810738655564	VIPER	2.4486810738655564	VIPER	2.4486810738655564	VIPER	2.4486810738655564	VIPER	2.4486810738655564	VIPER	3.691051279340596	VIPER	3.691051279340596	VIPER	3.691051279340596	VIPER	3.691051279340596	VIPER	3.691051279340596	VIPER	3.691051279340596	VIPER	3.691051279340596	VIPER	3.691051279340596	VIPER	2.4486810738655564	VIPER	2.4486810738655564	VIPER	2.4486810738655564	VIPER	2.4486810738655564	VIPER	2.4486810738655564	VIPER	2.4486810738655564	VIPER	2.4486810738655564	VIPER	2.4486810738655564	VIPER
OLIG2	NA	NA	NA	NA	NA	NA	NA	NA	NA	NA	NA	NA	NA	NA	NA	NA	NA	NA	NA	NA	NA	NA	NA	NA	NA	NA	NA	NA	NA	NA	NA	NA	NA	NA	NA	NA	NA	NA	NA	NA	NA	NA	NA	NA	NA	NA	NA	NA	NA	NA	NA	NA	NA	NA	NA	NA	NA	NA	NA	NA	NA	NA	NA	NA	5.913373329828022	VIPER	5.913373329828022	VIPER	5.913373329828022	VIPER	5.913373329828022	VIPER	5.913373329828022	VIPER	5.913373329828022	VIPER	5.913373329828022	VIPER	5.913373329828022	VIPER	3.552138648810794	VIPER	3.552138648810794	VIPER	3.552138648810794	VIPER	3.552138648810794	VIPER	3.552138648810794	VIPER	3.552138648810794	VIPER	3.552138648810794	VIPER	3.552138648810794	VIPER	6.517554611774341	VIPER	6.517554611774341	VIPER	6.517554611774341	VIPER	6.517554611774341	VIPER	6.517554611774341	VIPER	6.517554611774341	VIPER	6.517554611774341	VIPER	6.517554611774341	VIPER	3.552138648810794	VIPER	3.552138648810794	VIPER	3.552138648810794	VIPER	3.552138648810794	VIPER	3.552138648810794	VIPER	3.552138648810794	VIPER	3.552138648810794	VIPER	3.552138648810794	VIPER
PRDM1	NA	NA	NA	NA	NA	NA	NA	NA	NA	NA	NA	NA	NA	NA	NA	NA	NA	NA	NA	NA	NA	NA	NA	NA	NA	NA	NA	NA	NA	NA	NA	NA	NA	NA	NA	NA	NA	NA	NA	NA	NA	NA	NA	NA	NA	NA	NA	NA	NA	NA	NA	NA	NA	NA	NA	NA	NA	NA	NA	NA	NA	NA	NA	NA	2.92418805285475	VIPER	2.92418805285475	VIPER	2.92418805285475	VIPER	2.92418805285475	VIPER	2.92418805285475	VIPER	2.92418805285475	VIPER	2.92418805285475	VIPER	2.92418805285475	VIPER	2.3239079647299516	VIPER	2.3239079647299516	VIPER	2.3239079647299516	VIPER	2.3239079647299516	VIPER	2.3239079647299516	VIPER	2.3239079647299516	VIPER	2.3239079647299516	VIPER	2.3239079647299516	VIPER	3.22295824507552	VIPER	3.22295824507552	VIPER	3.22295824507552	VIPER	3.22295824507552	VIPER	3.22295824507552	VIPER	3.22295824507552	VIPER	3.22295824507552	VIPER	3.22295824507552	VIPER	2.3239079647299516	VIPER	2.3239079647299516	VIPER	2.3239079647299516	VIPER	2.3239079647299516	VIPER	2.3239079647299516	VIPER	2.3239079647299516	VIPER	2.3239079647299516	VIPER	2.3239079647299516	VIPER
SMAD5	NA	NA	NA	NA	NA	NA	NA	NA	NA	NA	NA	NA	NA	NA	NA	NA	NA	NA	NA	NA	NA	NA	NA	NA	NA	NA	NA	NA	NA	NA	NA	NA	NA	NA	NA	NA	NA	NA	NA	NA	NA	NA	NA	NA	NA	NA	NA	NA	NA	NA	NA	NA	NA	NA	NA	NA	NA	NA	NA	NA	NA	NA	NA	NA	2.950863721963279	VIPER	2.950863721963279	VIPER	2.950863721963279	VIPER	2.950863721963279	VIPER	2.950863721963279	VIPER	2.950863721963279	VIPER	2.950863721963279	VIPER	2.950863721963279	VIPER	2.3320857245720172	VIPER	2.3320857245720172	VIPER	2.3320857245720172	VIPER	2.3320857245720172	VIPER	2.3320857245720172	VIPER	2.3320857245720172	VIPER	2.3320857245720172	VIPER	2.3320857245720172	VIPER	3.2523594211087468	VIPER	3.2523594211087468	VIPER	3.2523594211087468	VIPER	3.2523594211087468	VIPER	3.2523594211087468	VIPER	3.2523594211087468	VIPER	3.2523594211087468	VIPER	3.2523594211087468	VIPER	2.3320857245720172	VIPER	2.3320857245720172	VIPER	2.3320857245720172	VIPER	2.3320857245720172	VIPER	2.3320857245720172	VIPER	2.3320857245720172	VIPER	2.3320857245720172	VIPER	2.3320857245720172	VIPER
STAT2	NA	NA	NA	NA	NA	NA	NA	NA	NA	NA	NA	NA	NA	NA	NA	NA	NA	NA	NA	NA	NA	NA	NA	NA	NA	NA	NA	NA	NA	NA	NA	NA	NA	NA	NA	NA	NA	NA	NA	NA	NA	NA	NA	NA	NA	NA	NA	NA	NA	NA	NA	NA	NA	NA	NA	NA	NA	NA	NA	NA	NA	NA	NA	NA	3.153798960482462	VIPER	3.153798960482462	VIPER	3.153798960482462	VIPER	3.153798960482462	VIPER	3.153798960482462	VIPER	3.153798960482462	VIPER	3.153798960482462	VIPER	3.153798960482462	VIPER	2.3927517456691345	VIPER	2.3927517456691345	VIPER	2.3927517456691345	VIPER	2.3927517456691345	VIPER	2.3927517456691345	VIPER	2.3927517456691345	VIPER	2.3927517456691345	VIPER	2.3927517456691345	VIPER	3.4760289623214766	VIPER	3.4760289623214766	VIPER	3.4760289623214766	VIPER	3.4760289623214766	VIPER	3.4760289623214766	VIPER	3.4760289623214766	VIPER	3.4760289623214766	VIPER	3.4760289623214766	VIPER	2.3927517456691345	VIPER	2.3927517456691345	VIPER	2.3927517456691345	VIPER	2.3927517456691345	VIPER	2.3927517456691345	VIPER	2.3927517456691345	VIPER	2.3927517456691345	VIPER	2.3927517456691345	VIPER
XBP1	NA	NA	NA	NA	NA	NA	NA	NA	NA	NA	NA	NA	NA	NA	NA	NA	NA	NA	NA	NA	NA	NA	NA	NA	NA	NA	NA	NA	NA	NA	NA	NA	NA	NA	NA	NA	NA	NA	NA	NA	NA	NA	NA	NA	NA	NA	NA	NA	NA	NA	NA	NA	NA	NA	NA	NA	NA	NA	NA	NA	NA	NA	NA	NA	3.499736812405159	VIPER	3.499736812405159	VIPER	3.499736812405159	VIPER	3.499736812405159	VIPER	3.499736812405159	VIPER	3.499736812405159	VIPER	3.499736812405159	VIPER	3.499736812405159	VIPER	2.102277278740966	VIPER	2.102277278740966	VIPER	2.102277278740966	VIPER	2.102277278740966	VIPER	2.102277278740966	VIPER	2.102277278740966	VIPER	2.102277278740966	VIPER	2.102277278740966	VIPER	4.659506987424094	VIPER	4.659506987424094	VIPER	4.659506987424094	VIPER	4.659506987424094	VIPER	4.659506987424094	VIPER	4.659506987424094	VIPER	4.659506987424094	VIPER	4.659506987424094	VIPER	2.5394823427382325	VIPER	2.5394823427382325	VIPER	2.5394823427382325	VIPER	2.5394823427382325	VIPER	2.5394823427382325	VIPER	2.5394823427382325	VIPER	2.5394823427382325	VIPER	2.5394823427382325	VIPER
ZIC1	NA	NA	NA	NA	NA	NA	NA	NA	NA	NA	NA	NA	NA	NA	NA	NA	NA	NA	NA	NA	NA	NA	NA	NA	NA	NA	NA	NA	NA	NA	NA	NA	NA	NA	NA	NA	NA	NA	NA	NA	NA	NA	NA	NA	NA	NA	NA	NA	NA	NA	NA	NA	NA	NA	NA	NA	NA	NA	NA	NA	NA	NA	NA	NA	4.5327594921419125	VIPER	4.5327594921419125	VIPER	4.5327594921419125	VIPER	4.5327594921419125	VIPER	4.5327594921419125	VIPER	4.5327594921419125	VIPER	4.5327594921419125	VIPER	4.5327594921419125	VIPER	2.7486044452618343	VIPER	2.7486044452618343	VIPER	2.7486044452618343	VIPER	2.7486044452618343	VIPER	2.7486044452618343	VIPER	2.7486044452618343	VIPER	2.7486044452618343	VIPER	2.7486044452618343	VIPER	4.99588067322863	VIPER	4.99588067322863	VIPER	4.99588067322863	VIPER	4.99588067322863	VIPER	4.99588067322863	VIPER	4.99588067322863	VIPER	4.99588067322863	VIPER	4.99588067322863	VIPER	2.7486044452618343	VIPER	2.7486044452618343	VIPER	2.7486044452618343	VIPER	2.7486044452618343	VIPER	2.7486044452618343	VIPER	2.7486044452618343	VIPER	2.7486044452618343	VIPER	2.7486044452618343	VIPER
